-- MySQL dump 10.19  Distrib 10.3.38-MariaDB, for debian-linux-gnu (x86_64)
--
-- Host: localhost    Database: spkpath
-- ------------------------------------------------------
-- Server version	10.3.38-MariaDB-0ubuntu0.20.04.1

/*!40101 SET @OLD_CHARACTER_SET_CLIENT=@@CHARACTER_SET_CLIENT */;
/*!40101 SET @OLD_CHARACTER_SET_RESULTS=@@CHARACTER_SET_RESULTS */;
/*!40101 SET @OLD_COLLATION_CONNECTION=@@COLLATION_CONNECTION */;
/*!40101 SET NAMES utf8mb4 */;
/*!40103 SET @OLD_TIME_ZONE=@@TIME_ZONE */;
/*!40103 SET TIME_ZONE='+00:00' */;
/*!40014 SET @OLD_UNIQUE_CHECKS=@@UNIQUE_CHECKS, UNIQUE_CHECKS=0 */;
/*!40014 SET @OLD_FOREIGN_KEY_CHECKS=@@FOREIGN_KEY_CHECKS, FOREIGN_KEY_CHECKS=0 */;
/*!40101 SET @OLD_SQL_MODE=@@SQL_MODE, SQL_MODE='NO_AUTO_VALUE_ON_ZERO' */;
/*!40111 SET @OLD_SQL_NOTES=@@SQL_NOTES, SQL_NOTES=0 */;

--
-- Table structure for table `authority`
--

DROP TABLE IF EXISTS `authority`;
/*!40101 SET @saved_cs_client     = @@character_set_client */;
/*!40101 SET character_set_client = utf8 */;
CREATE TABLE `authority` (
  `authority_name` char(50) NOT NULL,
  PRIMARY KEY (`authority_name`)
) ENGINE=InnoDB DEFAULT CHARSET=utf8mb4 COLLATE=utf8mb4_general_ci;
/*!40101 SET character_set_client = @saved_cs_client */;

--
-- Dumping data for table `authority`
--

LOCK TABLES `authority` WRITE;
/*!40000 ALTER TABLE `authority` DISABLE KEYS */;
INSERT INTO `authority` VALUES ('ROLE_ADMIN'),('ROLE_CONSULTANT'),('ROLE_USER');
/*!40000 ALTER TABLE `authority` ENABLE KEYS */;
UNLOCK TABLES;

--
-- Table structure for table `board_tb`
--

DROP TABLE IF EXISTS `board_tb`;
/*!40101 SET @saved_cs_client     = @@character_set_client */;
/*!40101 SET character_set_client = utf8 */;
CREATE TABLE `board_tb` (
  `board_id` int(11) NOT NULL,
  `user_id2` char(20) NOT NULL,
  `board_title` varchar(30) NOT NULL,
  `board_content` varchar(200) NOT NULL,
  `board_hit` int(11) DEFAULT 0,
  `board_created` timestamp NULL DEFAULT current_timestamp(),
  PRIMARY KEY (`board_id`)
) ENGINE=InnoDB DEFAULT CHARSET=utf8mb4 COLLATE=utf8mb4_general_ci;
/*!40101 SET character_set_client = @saved_cs_client */;

--
-- Dumping data for table `board_tb`
--

LOCK TABLES `board_tb` WRITE;
/*!40000 ALTER TABLE `board_tb` DISABLE KEYS */;
/*!40000 ALTER TABLE `board_tb` ENABLE KEYS */;
UNLOCK TABLES;

--
-- Table structure for table `boundary_tb`
--

DROP TABLE IF EXISTS `boundary_tb`;
/*!40101 SET @saved_cs_client     = @@character_set_client */;
/*!40101 SET character_set_client = utf8 */;
CREATE TABLE `boundary_tb` (
  `boundary_id` int(11) NOT NULL,
  `boundary_name` varchar(20) NOT NULL,
  PRIMARY KEY (`boundary_id`)
) ENGINE=InnoDB DEFAULT CHARSET=utf8mb4 COLLATE=utf8mb4_general_ci;
/*!40101 SET character_set_client = @saved_cs_client */;

--
-- Dumping data for table `boundary_tb`
--

LOCK TABLES `boundary_tb` WRITE;
/*!40000 ALTER TABLE `boundary_tb` DISABLE KEYS */;
INSERT INTO `boundary_tb` VALUES (1,'언어발달장애'),(2,'말소리장애'),(3,'신경언어장애'),(4,'유창성장애'),(5,'음성장애');
/*!40000 ALTER TABLE `boundary_tb` ENABLE KEYS */;
UNLOCK TABLES;

--
-- Table structure for table `comment_tb`
--

DROP TABLE IF EXISTS `comment_tb`;
/*!40101 SET @saved_cs_client     = @@character_set_client */;
/*!40101 SET character_set_client = utf8 */;
CREATE TABLE `comment_tb` (
  `comment_id` int(11) NOT NULL,
  `board_id` int(11) NOT NULL,
  `comment_content` varchar(100) NOT NULL,
  `user_id` char(100) NOT NULL,
  `comment_created` timestamp NULL DEFAULT current_timestamp(),
  PRIMARY KEY (`comment_id`,`board_id`),
  KEY `FK_board_tb_TO_comment_tb_1` (`board_id`),
  CONSTRAINT `FK_board_tb_TO_comment_tb_1` FOREIGN KEY (`board_id`) REFERENCES `board_tb` (`board_id`)
) ENGINE=InnoDB DEFAULT CHARSET=utf8mb4 COLLATE=utf8mb4_general_ci;
/*!40101 SET character_set_client = @saved_cs_client */;

--
-- Dumping data for table `comment_tb`
--

LOCK TABLES `comment_tb` WRITE;
/*!40000 ALTER TABLE `comment_tb` DISABLE KEYS */;
/*!40000 ALTER TABLE `comment_tb` ENABLE KEYS */;
UNLOCK TABLES;

--
-- Table structure for table `consultant_available_info`
--

DROP TABLE IF EXISTS `consultant_available_info`;
/*!40101 SET @saved_cs_client     = @@character_set_client */;
/*!40101 SET character_set_client = utf8 */;
CREATE TABLE `consultant_available_info` (
  `available_date` date NOT NULL,
  `available_time` time NOT NULL,
  `user_id` char(100) NOT NULL,
  PRIMARY KEY (`user_id`,`available_time`,`available_date`)
) ENGINE=InnoDB DEFAULT CHARSET=utf8mb4 COLLATE=utf8mb4_general_ci;
/*!40101 SET character_set_client = @saved_cs_client */;

--
-- Dumping data for table `consultant_available_info`
--

LOCK TABLES `consultant_available_info` WRITE;
/*!40000 ALTER TABLE `consultant_available_info` DISABLE KEYS */;
INSERT INTO `consultant_available_info` VALUES ('2023-08-14','09:00:00','cslt'),('2023-08-15','09:00:00','cslt'),('2023-08-16','09:00:00','cslt'),('2023-08-17','09:00:00','cslt'),('2023-08-18','09:00:00','cslt'),('2023-08-19','09:00:00','cslt'),('2023-08-20','09:00:00','cslt'),('2023-08-21','09:00:00','cslt'),('2023-08-22','09:00:00','cslt'),('2023-08-23','09:00:00','cslt'),('2023-08-24','09:00:00','cslt'),('2023-08-25','09:00:00','cslt'),('2023-08-26','09:00:00','cslt'),('2023-08-27','09:00:00','cslt'),('2023-08-28','09:00:00','cslt'),('2023-08-29','09:00:00','cslt'),('2023-08-30','09:00:00','cslt'),('2023-08-31','09:00:00','cslt'),('2023-09-01','09:00:00','cslt'),('2023-09-02','09:00:00','cslt'),('2023-09-03','09:00:00','cslt'),('2023-09-04','09:00:00','cslt'),('2023-09-05','09:00:00','cslt'),('2023-09-06','09:00:00','cslt'),('2023-09-07','09:00:00','cslt'),('2023-09-08','09:00:00','cslt'),('2023-09-09','09:00:00','cslt'),('2023-09-10','09:00:00','cslt'),('2023-09-11','09:00:00','cslt'),('2023-09-12','09:00:00','cslt'),('2023-09-13','09:00:00','cslt'),('2023-09-14','09:00:00','cslt'),('2023-09-15','09:00:00','cslt'),('2023-09-16','09:00:00','cslt'),('2023-09-17','09:00:00','cslt'),('2023-09-18','09:00:00','cslt'),('2023-09-19','09:00:00','cslt'),('2023-09-20','09:00:00','cslt'),('2023-09-21','09:00:00','cslt'),('2023-09-22','09:00:00','cslt'),('2023-09-23','09:00:00','cslt'),('2023-09-24','09:00:00','cslt'),('2023-09-25','09:00:00','cslt'),('2023-09-26','09:00:00','cslt'),('2023-09-27','09:00:00','cslt'),('2023-09-28','09:00:00','cslt'),('2023-09-29','09:00:00','cslt'),('2023-09-30','09:00:00','cslt'),('2023-10-01','09:00:00','cslt'),('2023-10-02','09:00:00','cslt'),('2023-10-03','09:00:00','cslt'),('2023-10-04','09:00:00','cslt'),('2023-10-05','09:00:00','cslt'),('2023-10-06','09:00:00','cslt'),('2023-10-07','09:00:00','cslt'),('2023-10-08','09:00:00','cslt'),('2023-10-09','09:00:00','cslt'),('2023-10-10','09:00:00','cslt'),('2023-10-11','09:00:00','cslt'),('2023-10-12','09:00:00','cslt'),('2023-10-13','09:00:00','cslt'),('2023-10-14','09:00:00','cslt'),('2023-10-15','09:00:00','cslt'),('2023-10-16','09:00:00','cslt'),('2023-10-17','09:00:00','cslt'),('2023-10-18','09:00:00','cslt'),('2023-10-19','09:00:00','cslt'),('2023-10-20','09:00:00','cslt'),('2023-10-21','09:00:00','cslt'),('2023-10-22','09:00:00','cslt'),('2023-10-23','09:00:00','cslt'),('2023-10-24','09:00:00','cslt'),('2023-10-25','09:00:00','cslt'),('2023-10-26','09:00:00','cslt'),('2023-10-27','09:00:00','cslt'),('2023-10-28','09:00:00','cslt'),('2023-10-29','09:00:00','cslt'),('2023-10-30','09:00:00','cslt'),('2023-10-31','09:00:00','cslt'),('2023-11-01','09:00:00','cslt'),('2023-11-02','09:00:00','cslt'),('2023-11-03','09:00:00','cslt'),('2023-11-04','09:00:00','cslt'),('2023-11-05','09:00:00','cslt'),('2023-11-06','09:00:00','cslt'),('2023-11-07','09:00:00','cslt'),('2023-11-08','09:00:00','cslt'),('2023-11-09','09:00:00','cslt'),('2023-11-10','09:00:00','cslt'),('2023-11-11','09:00:00','cslt'),('2023-11-12','09:00:00','cslt'),('2023-11-13','09:00:00','cslt'),('2023-11-14','09:00:00','cslt'),('2023-11-15','09:00:00','cslt'),('2023-11-16','09:00:00','cslt'),('2023-11-17','09:00:00','cslt'),('2023-11-18','09:00:00','cslt'),('2023-11-19','09:00:00','cslt'),('2023-11-20','09:00:00','cslt'),('2023-11-21','09:00:00','cslt'),('2023-11-22','09:00:00','cslt'),('2023-11-23','09:00:00','cslt'),('2023-11-24','09:00:00','cslt'),('2023-11-25','09:00:00','cslt'),('2023-11-26','09:00:00','cslt'),('2023-11-27','09:00:00','cslt'),('2023-11-28','09:00:00','cslt'),('2023-11-29','09:00:00','cslt'),('2023-11-30','09:00:00','cslt'),('2023-12-01','09:00:00','cslt'),('2023-12-02','09:00:00','cslt'),('2023-12-03','09:00:00','cslt'),('2023-12-04','09:00:00','cslt'),('2023-12-05','09:00:00','cslt'),('2023-12-06','09:00:00','cslt'),('2023-12-07','09:00:00','cslt'),('2023-12-08','09:00:00','cslt'),('2023-12-09','09:00:00','cslt'),('2023-12-10','09:00:00','cslt'),('2023-12-11','09:00:00','cslt'),('2023-12-12','09:00:00','cslt'),('2023-12-13','09:00:00','cslt'),('2023-12-14','09:00:00','cslt'),('2023-12-15','09:00:00','cslt'),('2023-12-16','09:00:00','cslt'),('2023-12-17','09:00:00','cslt'),('2023-12-18','09:00:00','cslt'),('2023-12-19','09:00:00','cslt'),('2023-12-20','09:00:00','cslt'),('2023-12-21','09:00:00','cslt'),('2023-12-22','09:00:00','cslt'),('2023-12-23','09:00:00','cslt'),('2023-12-24','09:00:00','cslt'),('2023-12-25','09:00:00','cslt'),('2023-12-26','09:00:00','cslt'),('2023-12-27','09:00:00','cslt'),('2023-12-28','09:00:00','cslt'),('2023-12-29','09:00:00','cslt'),('2023-08-14','10:00:00','cslt'),('2023-08-15','10:00:00','cslt'),('2023-08-16','10:00:00','cslt'),('2023-08-17','10:00:00','cslt'),('2023-08-19','10:00:00','cslt'),('2023-08-20','10:00:00','cslt'),('2023-08-21','10:00:00','cslt'),('2023-08-22','10:00:00','cslt'),('2023-08-23','10:00:00','cslt'),('2023-08-24','10:00:00','cslt'),('2023-08-25','10:00:00','cslt'),('2023-08-26','10:00:00','cslt'),('2023-08-27','10:00:00','cslt'),('2023-08-28','10:00:00','cslt'),('2023-08-29','10:00:00','cslt'),('2023-08-30','10:00:00','cslt'),('2023-08-31','10:00:00','cslt'),('2023-09-01','10:00:00','cslt'),('2023-09-02','10:00:00','cslt'),('2023-09-03','10:00:00','cslt'),('2023-09-04','10:00:00','cslt'),('2023-09-05','10:00:00','cslt'),('2023-09-06','10:00:00','cslt'),('2023-09-07','10:00:00','cslt'),('2023-09-08','10:00:00','cslt'),('2023-09-09','10:00:00','cslt'),('2023-09-10','10:00:00','cslt'),('2023-09-11','10:00:00','cslt'),('2023-09-12','10:00:00','cslt'),('2023-09-13','10:00:00','cslt'),('2023-09-14','10:00:00','cslt'),('2023-09-15','10:00:00','cslt'),('2023-09-16','10:00:00','cslt'),('2023-09-17','10:00:00','cslt'),('2023-09-18','10:00:00','cslt'),('2023-09-19','10:00:00','cslt'),('2023-09-20','10:00:00','cslt'),('2023-09-21','10:00:00','cslt'),('2023-09-22','10:00:00','cslt'),('2023-09-23','10:00:00','cslt'),('2023-09-24','10:00:00','cslt'),('2023-09-25','10:00:00','cslt'),('2023-09-26','10:00:00','cslt'),('2023-09-27','10:00:00','cslt'),('2023-09-28','10:00:00','cslt'),('2023-09-29','10:00:00','cslt'),('2023-09-30','10:00:00','cslt'),('2023-10-01','10:00:00','cslt'),('2023-10-02','10:00:00','cslt'),('2023-10-03','10:00:00','cslt'),('2023-10-04','10:00:00','cslt'),('2023-10-05','10:00:00','cslt'),('2023-10-06','10:00:00','cslt'),('2023-10-07','10:00:00','cslt'),('2023-10-08','10:00:00','cslt'),('2023-10-09','10:00:00','cslt'),('2023-10-10','10:00:00','cslt'),('2023-10-11','10:00:00','cslt'),('2023-10-12','10:00:00','cslt'),('2023-10-13','10:00:00','cslt'),('2023-10-14','10:00:00','cslt'),('2023-10-15','10:00:00','cslt'),('2023-10-16','10:00:00','cslt'),('2023-10-17','10:00:00','cslt'),('2023-10-18','10:00:00','cslt'),('2023-10-19','10:00:00','cslt'),('2023-10-20','10:00:00','cslt'),('2023-10-21','10:00:00','cslt'),('2023-10-22','10:00:00','cslt'),('2023-10-23','10:00:00','cslt'),('2023-10-24','10:00:00','cslt'),('2023-10-25','10:00:00','cslt'),('2023-10-26','10:00:00','cslt'),('2023-10-27','10:00:00','cslt'),('2023-10-28','10:00:00','cslt'),('2023-10-29','10:00:00','cslt'),('2023-10-30','10:00:00','cslt'),('2023-10-31','10:00:00','cslt'),('2023-11-01','10:00:00','cslt'),('2023-11-02','10:00:00','cslt'),('2023-11-03','10:00:00','cslt'),('2023-11-04','10:00:00','cslt'),('2023-11-05','10:00:00','cslt'),('2023-11-06','10:00:00','cslt'),('2023-11-07','10:00:00','cslt'),('2023-11-08','10:00:00','cslt'),('2023-11-09','10:00:00','cslt'),('2023-11-10','10:00:00','cslt'),('2023-11-11','10:00:00','cslt'),('2023-11-12','10:00:00','cslt'),('2023-11-13','10:00:00','cslt'),('2023-11-14','10:00:00','cslt'),('2023-11-15','10:00:00','cslt'),('2023-11-16','10:00:00','cslt'),('2023-11-17','10:00:00','cslt'),('2023-11-18','10:00:00','cslt'),('2023-11-19','10:00:00','cslt'),('2023-11-20','10:00:00','cslt'),('2023-11-21','10:00:00','cslt'),('2023-11-22','10:00:00','cslt'),('2023-11-23','10:00:00','cslt'),('2023-11-24','10:00:00','cslt'),('2023-11-25','10:00:00','cslt'),('2023-11-26','10:00:00','cslt'),('2023-11-27','10:00:00','cslt'),('2023-11-28','10:00:00','cslt'),('2023-11-29','10:00:00','cslt'),('2023-11-30','10:00:00','cslt'),('2023-12-01','10:00:00','cslt'),('2023-12-02','10:00:00','cslt'),('2023-12-03','10:00:00','cslt'),('2023-12-04','10:00:00','cslt'),('2023-12-05','10:00:00','cslt'),('2023-12-06','10:00:00','cslt'),('2023-12-07','10:00:00','cslt'),('2023-12-08','10:00:00','cslt'),('2023-12-09','10:00:00','cslt'),('2023-12-10','10:00:00','cslt'),('2023-12-11','10:00:00','cslt'),('2023-12-12','10:00:00','cslt'),('2023-12-13','10:00:00','cslt'),('2023-12-14','10:00:00','cslt'),('2023-12-15','10:00:00','cslt'),('2023-12-16','10:00:00','cslt'),('2023-12-17','10:00:00','cslt'),('2023-12-18','10:00:00','cslt'),('2023-12-19','10:00:00','cslt'),('2023-12-20','10:00:00','cslt'),('2023-12-21','10:00:00','cslt'),('2023-12-22','10:00:00','cslt'),('2023-12-23','10:00:00','cslt'),('2023-12-24','10:00:00','cslt'),('2023-12-25','10:00:00','cslt'),('2023-12-26','10:00:00','cslt'),('2023-12-27','10:00:00','cslt'),('2023-12-28','10:00:00','cslt'),('2023-12-29','10:00:00','cslt'),('2023-08-14','11:00:00','cslt'),('2023-08-15','11:00:00','cslt'),('2023-08-16','11:00:00','cslt'),('2023-08-17','11:00:00','cslt'),('2023-08-18','11:00:00','cslt'),('2023-08-19','11:00:00','cslt'),('2023-08-20','11:00:00','cslt'),('2023-08-21','11:00:00','cslt'),('2023-08-22','11:00:00','cslt'),('2023-08-23','11:00:00','cslt'),('2023-08-25','11:00:00','cslt'),('2023-08-26','11:00:00','cslt'),('2023-08-27','11:00:00','cslt'),('2023-08-28','11:00:00','cslt'),('2023-08-29','11:00:00','cslt'),('2023-08-30','11:00:00','cslt'),('2023-08-31','11:00:00','cslt'),('2023-09-01','11:00:00','cslt'),('2023-09-02','11:00:00','cslt'),('2023-09-03','11:00:00','cslt'),('2023-09-04','11:00:00','cslt'),('2023-09-05','11:00:00','cslt'),('2023-09-06','11:00:00','cslt'),('2023-09-07','11:00:00','cslt'),('2023-09-08','11:00:00','cslt'),('2023-09-09','11:00:00','cslt'),('2023-09-10','11:00:00','cslt'),('2023-09-11','11:00:00','cslt'),('2023-09-12','11:00:00','cslt'),('2023-09-13','11:00:00','cslt'),('2023-09-14','11:00:00','cslt'),('2023-09-15','11:00:00','cslt'),('2023-09-16','11:00:00','cslt'),('2023-09-17','11:00:00','cslt'),('2023-09-18','11:00:00','cslt'),('2023-09-19','11:00:00','cslt'),('2023-09-20','11:00:00','cslt'),('2023-09-21','11:00:00','cslt'),('2023-09-22','11:00:00','cslt'),('2023-09-23','11:00:00','cslt'),('2023-09-24','11:00:00','cslt'),('2023-09-25','11:00:00','cslt'),('2023-09-26','11:00:00','cslt'),('2023-09-27','11:00:00','cslt'),('2023-09-28','11:00:00','cslt'),('2023-09-29','11:00:00','cslt'),('2023-09-30','11:00:00','cslt'),('2023-10-01','11:00:00','cslt'),('2023-10-02','11:00:00','cslt'),('2023-10-03','11:00:00','cslt'),('2023-10-04','11:00:00','cslt'),('2023-10-05','11:00:00','cslt'),('2023-10-06','11:00:00','cslt'),('2023-10-07','11:00:00','cslt'),('2023-10-08','11:00:00','cslt'),('2023-10-09','11:00:00','cslt'),('2023-10-10','11:00:00','cslt'),('2023-10-11','11:00:00','cslt'),('2023-10-12','11:00:00','cslt'),('2023-10-13','11:00:00','cslt'),('2023-10-14','11:00:00','cslt'),('2023-10-15','11:00:00','cslt'),('2023-10-16','11:00:00','cslt'),('2023-10-17','11:00:00','cslt'),('2023-10-18','11:00:00','cslt'),('2023-10-19','11:00:00','cslt'),('2023-10-20','11:00:00','cslt'),('2023-10-21','11:00:00','cslt'),('2023-10-22','11:00:00','cslt'),('2023-10-23','11:00:00','cslt'),('2023-10-24','11:00:00','cslt'),('2023-10-25','11:00:00','cslt'),('2023-10-26','11:00:00','cslt'),('2023-10-27','11:00:00','cslt'),('2023-10-28','11:00:00','cslt'),('2023-10-29','11:00:00','cslt'),('2023-10-30','11:00:00','cslt'),('2023-10-31','11:00:00','cslt'),('2023-11-01','11:00:00','cslt'),('2023-11-02','11:00:00','cslt'),('2023-11-03','11:00:00','cslt'),('2023-11-04','11:00:00','cslt'),('2023-11-05','11:00:00','cslt'),('2023-11-06','11:00:00','cslt'),('2023-11-07','11:00:00','cslt'),('2023-11-08','11:00:00','cslt'),('2023-11-09','11:00:00','cslt'),('2023-11-10','11:00:00','cslt'),('2023-11-11','11:00:00','cslt'),('2023-11-12','11:00:00','cslt'),('2023-11-13','11:00:00','cslt'),('2023-11-14','11:00:00','cslt'),('2023-11-15','11:00:00','cslt'),('2023-11-16','11:00:00','cslt'),('2023-11-17','11:00:00','cslt'),('2023-11-18','11:00:00','cslt'),('2023-11-19','11:00:00','cslt'),('2023-11-20','11:00:00','cslt'),('2023-11-21','11:00:00','cslt'),('2023-11-22','11:00:00','cslt'),('2023-11-23','11:00:00','cslt'),('2023-11-24','11:00:00','cslt'),('2023-11-25','11:00:00','cslt'),('2023-11-26','11:00:00','cslt'),('2023-11-27','11:00:00','cslt'),('2023-11-28','11:00:00','cslt'),('2023-11-29','11:00:00','cslt'),('2023-11-30','11:00:00','cslt'),('2023-12-01','11:00:00','cslt'),('2023-12-02','11:00:00','cslt'),('2023-12-03','11:00:00','cslt'),('2023-12-04','11:00:00','cslt'),('2023-12-05','11:00:00','cslt'),('2023-12-06','11:00:00','cslt'),('2023-12-07','11:00:00','cslt'),('2023-12-08','11:00:00','cslt'),('2023-12-09','11:00:00','cslt'),('2023-12-10','11:00:00','cslt'),('2023-12-11','11:00:00','cslt'),('2023-12-12','11:00:00','cslt'),('2023-12-13','11:00:00','cslt'),('2023-12-14','11:00:00','cslt'),('2023-12-15','11:00:00','cslt'),('2023-12-16','11:00:00','cslt'),('2023-12-17','11:00:00','cslt'),('2023-12-18','11:00:00','cslt'),('2023-12-19','11:00:00','cslt'),('2023-12-20','11:00:00','cslt'),('2023-12-21','11:00:00','cslt'),('2023-12-22','11:00:00','cslt'),('2023-12-23','11:00:00','cslt'),('2023-12-24','11:00:00','cslt'),('2023-12-25','11:00:00','cslt'),('2023-12-26','11:00:00','cslt'),('2023-12-27','11:00:00','cslt'),('2023-12-28','11:00:00','cslt'),('2023-12-29','11:00:00','cslt'),('2023-08-14','13:00:00','cslt'),('2023-08-15','13:00:00','cslt'),('2023-08-17','13:00:00','cslt'),('2023-08-18','13:00:00','cslt'),('2023-08-19','13:00:00','cslt'),('2023-08-20','13:00:00','cslt'),('2023-08-21','13:00:00','cslt'),('2023-08-22','13:00:00','cslt'),('2023-08-23','13:00:00','cslt'),('2023-08-24','13:00:00','cslt'),('2023-08-25','13:00:00','cslt'),('2023-08-26','13:00:00','cslt'),('2023-08-27','13:00:00','cslt'),('2023-08-28','13:00:00','cslt'),('2023-08-29','13:00:00','cslt'),('2023-08-30','13:00:00','cslt'),('2023-08-31','13:00:00','cslt'),('2023-09-01','13:00:00','cslt'),('2023-09-02','13:00:00','cslt'),('2023-09-03','13:00:00','cslt'),('2023-09-04','13:00:00','cslt'),('2023-09-05','13:00:00','cslt'),('2023-09-06','13:00:00','cslt'),('2023-09-07','13:00:00','cslt'),('2023-09-08','13:00:00','cslt'),('2023-09-09','13:00:00','cslt'),('2023-09-10','13:00:00','cslt'),('2023-09-11','13:00:00','cslt'),('2023-09-12','13:00:00','cslt'),('2023-09-13','13:00:00','cslt'),('2023-09-14','13:00:00','cslt'),('2023-09-15','13:00:00','cslt'),('2023-09-16','13:00:00','cslt'),('2023-09-17','13:00:00','cslt'),('2023-09-18','13:00:00','cslt'),('2023-09-19','13:00:00','cslt'),('2023-09-20','13:00:00','cslt'),('2023-09-21','13:00:00','cslt'),('2023-09-22','13:00:00','cslt'),('2023-09-23','13:00:00','cslt'),('2023-09-24','13:00:00','cslt'),('2023-09-25','13:00:00','cslt'),('2023-09-26','13:00:00','cslt'),('2023-09-27','13:00:00','cslt'),('2023-09-28','13:00:00','cslt'),('2023-09-29','13:00:00','cslt'),('2023-09-30','13:00:00','cslt'),('2023-10-01','13:00:00','cslt'),('2023-10-02','13:00:00','cslt'),('2023-10-03','13:00:00','cslt'),('2023-10-04','13:00:00','cslt'),('2023-10-05','13:00:00','cslt'),('2023-10-06','13:00:00','cslt'),('2023-10-07','13:00:00','cslt'),('2023-10-08','13:00:00','cslt'),('2023-10-09','13:00:00','cslt'),('2023-10-10','13:00:00','cslt'),('2023-10-11','13:00:00','cslt'),('2023-10-12','13:00:00','cslt'),('2023-10-13','13:00:00','cslt'),('2023-10-14','13:00:00','cslt'),('2023-10-15','13:00:00','cslt'),('2023-10-16','13:00:00','cslt'),('2023-10-17','13:00:00','cslt'),('2023-10-18','13:00:00','cslt'),('2023-10-19','13:00:00','cslt'),('2023-10-20','13:00:00','cslt'),('2023-10-21','13:00:00','cslt'),('2023-10-22','13:00:00','cslt'),('2023-10-23','13:00:00','cslt'),('2023-10-24','13:00:00','cslt'),('2023-10-25','13:00:00','cslt'),('2023-10-26','13:00:00','cslt'),('2023-10-27','13:00:00','cslt'),('2023-10-28','13:00:00','cslt'),('2023-10-29','13:00:00','cslt'),('2023-10-30','13:00:00','cslt'),('2023-10-31','13:00:00','cslt'),('2023-11-01','13:00:00','cslt'),('2023-11-02','13:00:00','cslt'),('2023-11-03','13:00:00','cslt'),('2023-11-04','13:00:00','cslt'),('2023-11-05','13:00:00','cslt'),('2023-11-06','13:00:00','cslt'),('2023-11-07','13:00:00','cslt'),('2023-11-08','13:00:00','cslt'),('2023-11-09','13:00:00','cslt'),('2023-11-10','13:00:00','cslt'),('2023-11-11','13:00:00','cslt'),('2023-11-12','13:00:00','cslt'),('2023-11-13','13:00:00','cslt'),('2023-11-14','13:00:00','cslt'),('2023-11-15','13:00:00','cslt'),('2023-11-16','13:00:00','cslt'),('2023-11-17','13:00:00','cslt'),('2023-11-18','13:00:00','cslt'),('2023-11-19','13:00:00','cslt'),('2023-11-20','13:00:00','cslt'),('2023-11-21','13:00:00','cslt'),('2023-11-22','13:00:00','cslt'),('2023-11-23','13:00:00','cslt'),('2023-11-24','13:00:00','cslt'),('2023-11-25','13:00:00','cslt'),('2023-11-26','13:00:00','cslt'),('2023-11-27','13:00:00','cslt'),('2023-11-28','13:00:00','cslt'),('2023-11-29','13:00:00','cslt'),('2023-11-30','13:00:00','cslt'),('2023-12-01','13:00:00','cslt'),('2023-12-02','13:00:00','cslt'),('2023-12-03','13:00:00','cslt'),('2023-12-04','13:00:00','cslt'),('2023-12-05','13:00:00','cslt'),('2023-12-06','13:00:00','cslt'),('2023-12-07','13:00:00','cslt'),('2023-12-08','13:00:00','cslt'),('2023-12-09','13:00:00','cslt'),('2023-12-10','13:00:00','cslt'),('2023-12-11','13:00:00','cslt'),('2023-12-12','13:00:00','cslt'),('2023-12-13','13:00:00','cslt'),('2023-12-14','13:00:00','cslt'),('2023-12-15','13:00:00','cslt'),('2023-12-16','13:00:00','cslt'),('2023-12-17','13:00:00','cslt'),('2023-12-18','13:00:00','cslt'),('2023-12-19','13:00:00','cslt'),('2023-12-20','13:00:00','cslt'),('2023-12-21','13:00:00','cslt'),('2023-12-22','13:00:00','cslt'),('2023-12-23','13:00:00','cslt'),('2023-12-24','13:00:00','cslt'),('2023-12-25','13:00:00','cslt'),('2023-12-26','13:00:00','cslt'),('2023-12-27','13:00:00','cslt'),('2023-12-28','13:00:00','cslt'),('2023-12-29','13:00:00','cslt'),('2023-08-14','14:00:00','cslt'),('2023-08-15','14:00:00','cslt'),('2023-08-18','14:00:00','cslt'),('2023-08-19','14:00:00','cslt'),('2023-08-20','14:00:00','cslt'),('2023-08-21','14:00:00','cslt'),('2023-08-22','14:00:00','cslt'),('2023-08-23','14:00:00','cslt'),('2023-08-24','14:00:00','cslt'),('2023-08-25','14:00:00','cslt'),('2023-08-26','14:00:00','cslt'),('2023-08-27','14:00:00','cslt'),('2023-08-28','14:00:00','cslt'),('2023-08-29','14:00:00','cslt'),('2023-08-30','14:00:00','cslt'),('2023-08-31','14:00:00','cslt'),('2023-09-01','14:00:00','cslt'),('2023-09-02','14:00:00','cslt'),('2023-09-03','14:00:00','cslt'),('2023-09-04','14:00:00','cslt'),('2023-09-05','14:00:00','cslt'),('2023-09-06','14:00:00','cslt'),('2023-09-07','14:00:00','cslt'),('2023-09-08','14:00:00','cslt'),('2023-09-09','14:00:00','cslt'),('2023-09-10','14:00:00','cslt'),('2023-09-11','14:00:00','cslt'),('2023-09-12','14:00:00','cslt'),('2023-09-13','14:00:00','cslt'),('2023-09-14','14:00:00','cslt'),('2023-09-15','14:00:00','cslt'),('2023-09-16','14:00:00','cslt'),('2023-09-17','14:00:00','cslt'),('2023-09-18','14:00:00','cslt'),('2023-09-19','14:00:00','cslt'),('2023-09-20','14:00:00','cslt'),('2023-09-21','14:00:00','cslt'),('2023-09-22','14:00:00','cslt'),('2023-09-23','14:00:00','cslt'),('2023-09-24','14:00:00','cslt'),('2023-09-25','14:00:00','cslt'),('2023-09-26','14:00:00','cslt'),('2023-09-27','14:00:00','cslt'),('2023-09-28','14:00:00','cslt'),('2023-09-29','14:00:00','cslt'),('2023-09-30','14:00:00','cslt'),('2023-10-01','14:00:00','cslt'),('2023-10-02','14:00:00','cslt'),('2023-10-03','14:00:00','cslt'),('2023-10-04','14:00:00','cslt'),('2023-10-05','14:00:00','cslt'),('2023-10-06','14:00:00','cslt'),('2023-10-07','14:00:00','cslt'),('2023-10-08','14:00:00','cslt'),('2023-10-09','14:00:00','cslt'),('2023-10-10','14:00:00','cslt'),('2023-10-11','14:00:00','cslt'),('2023-10-12','14:00:00','cslt'),('2023-10-13','14:00:00','cslt'),('2023-10-14','14:00:00','cslt'),('2023-10-15','14:00:00','cslt'),('2023-10-16','14:00:00','cslt'),('2023-10-17','14:00:00','cslt'),('2023-10-18','14:00:00','cslt'),('2023-10-19','14:00:00','cslt'),('2023-10-20','14:00:00','cslt'),('2023-10-21','14:00:00','cslt'),('2023-10-22','14:00:00','cslt'),('2023-10-23','14:00:00','cslt'),('2023-10-24','14:00:00','cslt'),('2023-10-25','14:00:00','cslt'),('2023-10-26','14:00:00','cslt'),('2023-10-27','14:00:00','cslt'),('2023-10-28','14:00:00','cslt'),('2023-10-29','14:00:00','cslt'),('2023-10-30','14:00:00','cslt'),('2023-10-31','14:00:00','cslt'),('2023-11-01','14:00:00','cslt'),('2023-11-02','14:00:00','cslt'),('2023-11-03','14:00:00','cslt'),('2023-11-04','14:00:00','cslt'),('2023-11-05','14:00:00','cslt'),('2023-11-06','14:00:00','cslt'),('2023-11-07','14:00:00','cslt'),('2023-11-08','14:00:00','cslt'),('2023-11-09','14:00:00','cslt'),('2023-11-10','14:00:00','cslt'),('2023-11-11','14:00:00','cslt'),('2023-11-12','14:00:00','cslt'),('2023-11-13','14:00:00','cslt'),('2023-11-14','14:00:00','cslt'),('2023-11-15','14:00:00','cslt'),('2023-11-16','14:00:00','cslt'),('2023-11-17','14:00:00','cslt'),('2023-11-18','14:00:00','cslt'),('2023-11-19','14:00:00','cslt'),('2023-11-20','14:00:00','cslt'),('2023-11-21','14:00:00','cslt'),('2023-11-22','14:00:00','cslt'),('2023-11-23','14:00:00','cslt'),('2023-11-24','14:00:00','cslt'),('2023-11-25','14:00:00','cslt'),('2023-11-26','14:00:00','cslt'),('2023-11-27','14:00:00','cslt'),('2023-11-28','14:00:00','cslt'),('2023-11-29','14:00:00','cslt'),('2023-11-30','14:00:00','cslt'),('2023-12-01','14:00:00','cslt'),('2023-12-02','14:00:00','cslt'),('2023-12-03','14:00:00','cslt'),('2023-12-04','14:00:00','cslt'),('2023-12-05','14:00:00','cslt'),('2023-12-06','14:00:00','cslt'),('2023-12-07','14:00:00','cslt'),('2023-12-08','14:00:00','cslt'),('2023-12-09','14:00:00','cslt'),('2023-12-10','14:00:00','cslt'),('2023-12-11','14:00:00','cslt'),('2023-12-12','14:00:00','cslt'),('2023-12-13','14:00:00','cslt'),('2023-12-14','14:00:00','cslt'),('2023-12-15','14:00:00','cslt'),('2023-12-16','14:00:00','cslt'),('2023-12-17','14:00:00','cslt'),('2023-12-18','14:00:00','cslt'),('2023-12-19','14:00:00','cslt'),('2023-12-20','14:00:00','cslt'),('2023-12-21','14:00:00','cslt'),('2023-12-22','14:00:00','cslt'),('2023-12-23','14:00:00','cslt'),('2023-12-24','14:00:00','cslt'),('2023-12-25','14:00:00','cslt'),('2023-12-26','14:00:00','cslt'),('2023-12-27','14:00:00','cslt'),('2023-12-28','14:00:00','cslt'),('2023-12-29','14:00:00','cslt'),('2023-08-14','15:00:00','cslt'),('2023-08-15','15:00:00','cslt'),('2023-08-16','15:00:00','cslt'),('2023-08-18','15:00:00','cslt'),('2023-08-19','15:00:00','cslt'),('2023-08-20','15:00:00','cslt'),('2023-08-21','15:00:00','cslt'),('2023-08-22','15:00:00','cslt'),('2023-08-23','15:00:00','cslt'),('2023-08-24','15:00:00','cslt'),('2023-08-25','15:00:00','cslt'),('2023-08-26','15:00:00','cslt'),('2023-08-27','15:00:00','cslt'),('2023-08-28','15:00:00','cslt'),('2023-08-29','15:00:00','cslt'),('2023-08-30','15:00:00','cslt'),('2023-08-31','15:00:00','cslt'),('2023-09-01','15:00:00','cslt'),('2023-09-02','15:00:00','cslt'),('2023-09-03','15:00:00','cslt'),('2023-09-04','15:00:00','cslt'),('2023-09-05','15:00:00','cslt'),('2023-09-06','15:00:00','cslt'),('2023-09-07','15:00:00','cslt'),('2023-09-08','15:00:00','cslt'),('2023-09-09','15:00:00','cslt'),('2023-09-10','15:00:00','cslt'),('2023-09-11','15:00:00','cslt'),('2023-09-12','15:00:00','cslt'),('2023-09-13','15:00:00','cslt'),('2023-09-14','15:00:00','cslt'),('2023-09-15','15:00:00','cslt'),('2023-09-16','15:00:00','cslt'),('2023-09-17','15:00:00','cslt'),('2023-09-18','15:00:00','cslt'),('2023-09-19','15:00:00','cslt'),('2023-09-20','15:00:00','cslt'),('2023-09-21','15:00:00','cslt'),('2023-09-22','15:00:00','cslt'),('2023-09-23','15:00:00','cslt'),('2023-09-24','15:00:00','cslt'),('2023-09-25','15:00:00','cslt'),('2023-09-26','15:00:00','cslt'),('2023-09-27','15:00:00','cslt'),('2023-09-28','15:00:00','cslt'),('2023-09-29','15:00:00','cslt'),('2023-09-30','15:00:00','cslt'),('2023-10-01','15:00:00','cslt'),('2023-10-02','15:00:00','cslt'),('2023-10-03','15:00:00','cslt'),('2023-10-04','15:00:00','cslt'),('2023-10-05','15:00:00','cslt'),('2023-10-06','15:00:00','cslt'),('2023-10-07','15:00:00','cslt'),('2023-10-08','15:00:00','cslt'),('2023-10-09','15:00:00','cslt'),('2023-10-10','15:00:00','cslt'),('2023-10-11','15:00:00','cslt'),('2023-10-12','15:00:00','cslt'),('2023-10-13','15:00:00','cslt'),('2023-10-14','15:00:00','cslt'),('2023-10-15','15:00:00','cslt'),('2023-10-16','15:00:00','cslt'),('2023-10-17','15:00:00','cslt'),('2023-10-18','15:00:00','cslt'),('2023-10-19','15:00:00','cslt'),('2023-10-20','15:00:00','cslt'),('2023-10-21','15:00:00','cslt'),('2023-10-22','15:00:00','cslt'),('2023-10-23','15:00:00','cslt'),('2023-10-24','15:00:00','cslt'),('2023-10-25','15:00:00','cslt'),('2023-10-26','15:00:00','cslt'),('2023-10-27','15:00:00','cslt'),('2023-10-28','15:00:00','cslt'),('2023-10-29','15:00:00','cslt'),('2023-10-30','15:00:00','cslt'),('2023-10-31','15:00:00','cslt'),('2023-11-01','15:00:00','cslt'),('2023-11-02','15:00:00','cslt'),('2023-11-03','15:00:00','cslt'),('2023-11-04','15:00:00','cslt'),('2023-11-05','15:00:00','cslt'),('2023-11-06','15:00:00','cslt'),('2023-11-07','15:00:00','cslt'),('2023-11-08','15:00:00','cslt'),('2023-11-09','15:00:00','cslt'),('2023-11-10','15:00:00','cslt'),('2023-11-11','15:00:00','cslt'),('2023-11-12','15:00:00','cslt'),('2023-11-13','15:00:00','cslt'),('2023-11-14','15:00:00','cslt'),('2023-11-15','15:00:00','cslt'),('2023-11-16','15:00:00','cslt'),('2023-11-17','15:00:00','cslt'),('2023-11-18','15:00:00','cslt'),('2023-11-19','15:00:00','cslt'),('2023-11-20','15:00:00','cslt'),('2023-11-21','15:00:00','cslt'),('2023-11-22','15:00:00','cslt'),('2023-11-23','15:00:00','cslt'),('2023-11-24','15:00:00','cslt'),('2023-11-25','15:00:00','cslt'),('2023-11-26','15:00:00','cslt'),('2023-11-27','15:00:00','cslt'),('2023-11-28','15:00:00','cslt'),('2023-11-29','15:00:00','cslt'),('2023-11-30','15:00:00','cslt'),('2023-12-01','15:00:00','cslt'),('2023-12-02','15:00:00','cslt'),('2023-12-03','15:00:00','cslt'),('2023-12-04','15:00:00','cslt'),('2023-12-05','15:00:00','cslt'),('2023-12-06','15:00:00','cslt'),('2023-12-07','15:00:00','cslt'),('2023-12-08','15:00:00','cslt'),('2023-12-09','15:00:00','cslt'),('2023-12-10','15:00:00','cslt'),('2023-12-11','15:00:00','cslt'),('2023-12-12','15:00:00','cslt'),('2023-12-13','15:00:00','cslt'),('2023-12-14','15:00:00','cslt'),('2023-12-15','15:00:00','cslt'),('2023-12-16','15:00:00','cslt'),('2023-12-17','15:00:00','cslt'),('2023-12-18','15:00:00','cslt'),('2023-12-19','15:00:00','cslt'),('2023-12-20','15:00:00','cslt'),('2023-12-21','15:00:00','cslt'),('2023-12-22','15:00:00','cslt'),('2023-12-23','15:00:00','cslt'),('2023-12-24','15:00:00','cslt'),('2023-12-25','15:00:00','cslt'),('2023-12-26','15:00:00','cslt'),('2023-12-27','15:00:00','cslt'),('2023-12-28','15:00:00','cslt'),('2023-12-29','15:00:00','cslt'),('2023-08-14','16:00:00','cslt'),('2023-08-15','16:00:00','cslt'),('2023-08-16','16:00:00','cslt'),('2023-08-17','16:00:00','cslt'),('2023-08-18','16:00:00','cslt'),('2023-08-19','16:00:00','cslt'),('2023-08-20','16:00:00','cslt'),('2023-08-21','16:00:00','cslt'),('2023-08-22','16:00:00','cslt'),('2023-08-23','16:00:00','cslt'),('2023-08-24','16:00:00','cslt'),('2023-08-25','16:00:00','cslt'),('2023-08-26','16:00:00','cslt'),('2023-08-27','16:00:00','cslt'),('2023-08-28','16:00:00','cslt'),('2023-08-29','16:00:00','cslt'),('2023-08-30','16:00:00','cslt'),('2023-08-31','16:00:00','cslt'),('2023-09-01','16:00:00','cslt'),('2023-09-02','16:00:00','cslt'),('2023-09-03','16:00:00','cslt'),('2023-09-04','16:00:00','cslt'),('2023-09-05','16:00:00','cslt'),('2023-09-06','16:00:00','cslt'),('2023-09-07','16:00:00','cslt'),('2023-09-08','16:00:00','cslt'),('2023-09-09','16:00:00','cslt'),('2023-09-10','16:00:00','cslt'),('2023-09-11','16:00:00','cslt'),('2023-09-12','16:00:00','cslt'),('2023-09-13','16:00:00','cslt'),('2023-09-14','16:00:00','cslt'),('2023-09-15','16:00:00','cslt'),('2023-09-16','16:00:00','cslt'),('2023-09-17','16:00:00','cslt'),('2023-09-18','16:00:00','cslt'),('2023-09-19','16:00:00','cslt'),('2023-09-20','16:00:00','cslt'),('2023-09-21','16:00:00','cslt'),('2023-09-22','16:00:00','cslt'),('2023-09-23','16:00:00','cslt'),('2023-09-24','16:00:00','cslt'),('2023-09-25','16:00:00','cslt'),('2023-09-26','16:00:00','cslt'),('2023-09-27','16:00:00','cslt'),('2023-09-28','16:00:00','cslt'),('2023-09-29','16:00:00','cslt'),('2023-09-30','16:00:00','cslt'),('2023-10-01','16:00:00','cslt'),('2023-10-02','16:00:00','cslt'),('2023-10-03','16:00:00','cslt'),('2023-10-04','16:00:00','cslt'),('2023-10-05','16:00:00','cslt'),('2023-10-06','16:00:00','cslt'),('2023-10-07','16:00:00','cslt'),('2023-10-08','16:00:00','cslt'),('2023-10-09','16:00:00','cslt'),('2023-10-10','16:00:00','cslt'),('2023-10-11','16:00:00','cslt'),('2023-10-12','16:00:00','cslt'),('2023-10-13','16:00:00','cslt'),('2023-10-14','16:00:00','cslt'),('2023-10-15','16:00:00','cslt'),('2023-10-16','16:00:00','cslt'),('2023-10-17','16:00:00','cslt'),('2023-10-18','16:00:00','cslt'),('2023-10-19','16:00:00','cslt'),('2023-10-20','16:00:00','cslt'),('2023-10-21','16:00:00','cslt'),('2023-10-22','16:00:00','cslt'),('2023-10-23','16:00:00','cslt'),('2023-10-24','16:00:00','cslt'),('2023-10-25','16:00:00','cslt'),('2023-10-26','16:00:00','cslt'),('2023-10-27','16:00:00','cslt'),('2023-10-28','16:00:00','cslt'),('2023-10-29','16:00:00','cslt'),('2023-10-30','16:00:00','cslt'),('2023-10-31','16:00:00','cslt'),('2023-11-01','16:00:00','cslt'),('2023-11-02','16:00:00','cslt'),('2023-11-03','16:00:00','cslt'),('2023-11-04','16:00:00','cslt'),('2023-11-05','16:00:00','cslt'),('2023-11-06','16:00:00','cslt'),('2023-11-07','16:00:00','cslt'),('2023-11-08','16:00:00','cslt'),('2023-11-09','16:00:00','cslt'),('2023-11-10','16:00:00','cslt'),('2023-11-11','16:00:00','cslt'),('2023-11-12','16:00:00','cslt'),('2023-11-13','16:00:00','cslt'),('2023-11-14','16:00:00','cslt'),('2023-11-15','16:00:00','cslt'),('2023-11-16','16:00:00','cslt'),('2023-11-17','16:00:00','cslt'),('2023-11-18','16:00:00','cslt'),('2023-11-19','16:00:00','cslt'),('2023-11-20','16:00:00','cslt'),('2023-11-21','16:00:00','cslt'),('2023-11-22','16:00:00','cslt'),('2023-11-23','16:00:00','cslt'),('2023-11-24','16:00:00','cslt'),('2023-11-25','16:00:00','cslt'),('2023-11-26','16:00:00','cslt'),('2023-11-27','16:00:00','cslt'),('2023-11-28','16:00:00','cslt'),('2023-11-29','16:00:00','cslt'),('2023-11-30','16:00:00','cslt'),('2023-12-01','16:00:00','cslt'),('2023-12-02','16:00:00','cslt'),('2023-12-03','16:00:00','cslt'),('2023-12-04','16:00:00','cslt'),('2023-12-05','16:00:00','cslt'),('2023-12-06','16:00:00','cslt'),('2023-12-07','16:00:00','cslt'),('2023-12-08','16:00:00','cslt'),('2023-12-09','16:00:00','cslt'),('2023-12-10','16:00:00','cslt'),('2023-12-11','16:00:00','cslt'),('2023-12-12','16:00:00','cslt'),('2023-12-13','16:00:00','cslt'),('2023-12-14','16:00:00','cslt'),('2023-12-15','16:00:00','cslt'),('2023-12-16','16:00:00','cslt'),('2023-12-17','16:00:00','cslt'),('2023-12-18','16:00:00','cslt'),('2023-12-19','16:00:00','cslt'),('2023-12-20','16:00:00','cslt'),('2023-12-21','16:00:00','cslt'),('2023-12-22','16:00:00','cslt'),('2023-12-23','16:00:00','cslt'),('2023-12-24','16:00:00','cslt'),('2023-12-25','16:00:00','cslt'),('2023-12-26','16:00:00','cslt'),('2023-12-27','16:00:00','cslt'),('2023-12-28','16:00:00','cslt'),('2023-12-29','16:00:00','cslt'),('2023-08-15','17:00:00','cslt'),('2023-08-16','17:00:00','cslt'),('2023-08-17','17:00:00','cslt'),('2023-08-18','17:00:00','cslt'),('2023-08-19','17:00:00','cslt'),('2023-08-20','17:00:00','cslt'),('2023-08-21','17:00:00','cslt'),('2023-08-22','17:00:00','cslt'),('2023-08-23','17:00:00','cslt'),('2023-08-24','17:00:00','cslt'),('2023-08-25','17:00:00','cslt'),('2023-08-26','17:00:00','cslt'),('2023-08-27','17:00:00','cslt'),('2023-08-28','17:00:00','cslt'),('2023-08-29','17:00:00','cslt'),('2023-08-30','17:00:00','cslt'),('2023-08-31','17:00:00','cslt'),('2023-09-01','17:00:00','cslt'),('2023-09-02','17:00:00','cslt'),('2023-09-03','17:00:00','cslt'),('2023-09-04','17:00:00','cslt'),('2023-09-05','17:00:00','cslt'),('2023-09-06','17:00:00','cslt'),('2023-09-07','17:00:00','cslt'),('2023-09-08','17:00:00','cslt'),('2023-09-09','17:00:00','cslt'),('2023-09-10','17:00:00','cslt'),('2023-09-11','17:00:00','cslt'),('2023-09-12','17:00:00','cslt'),('2023-09-13','17:00:00','cslt'),('2023-09-14','17:00:00','cslt'),('2023-09-15','17:00:00','cslt'),('2023-09-16','17:00:00','cslt'),('2023-09-17','17:00:00','cslt'),('2023-09-18','17:00:00','cslt'),('2023-09-19','17:00:00','cslt'),('2023-09-20','17:00:00','cslt'),('2023-09-21','17:00:00','cslt'),('2023-09-22','17:00:00','cslt'),('2023-09-23','17:00:00','cslt'),('2023-09-24','17:00:00','cslt'),('2023-09-25','17:00:00','cslt'),('2023-09-26','17:00:00','cslt'),('2023-09-27','17:00:00','cslt'),('2023-09-28','17:00:00','cslt'),('2023-09-29','17:00:00','cslt'),('2023-09-30','17:00:00','cslt'),('2023-10-01','17:00:00','cslt'),('2023-10-02','17:00:00','cslt'),('2023-10-03','17:00:00','cslt'),('2023-10-04','17:00:00','cslt'),('2023-10-05','17:00:00','cslt'),('2023-10-06','17:00:00','cslt'),('2023-10-07','17:00:00','cslt'),('2023-10-08','17:00:00','cslt'),('2023-10-09','17:00:00','cslt'),('2023-10-10','17:00:00','cslt'),('2023-10-11','17:00:00','cslt'),('2023-10-12','17:00:00','cslt'),('2023-10-13','17:00:00','cslt'),('2023-10-14','17:00:00','cslt'),('2023-10-15','17:00:00','cslt'),('2023-10-16','17:00:00','cslt'),('2023-10-17','17:00:00','cslt'),('2023-10-18','17:00:00','cslt'),('2023-10-19','17:00:00','cslt'),('2023-10-20','17:00:00','cslt'),('2023-10-21','17:00:00','cslt'),('2023-10-22','17:00:00','cslt'),('2023-10-23','17:00:00','cslt'),('2023-10-24','17:00:00','cslt'),('2023-10-25','17:00:00','cslt'),('2023-10-26','17:00:00','cslt'),('2023-10-27','17:00:00','cslt'),('2023-10-28','17:00:00','cslt'),('2023-10-29','17:00:00','cslt'),('2023-10-30','17:00:00','cslt'),('2023-10-31','17:00:00','cslt'),('2023-11-01','17:00:00','cslt'),('2023-11-02','17:00:00','cslt'),('2023-11-03','17:00:00','cslt'),('2023-11-04','17:00:00','cslt'),('2023-11-05','17:00:00','cslt'),('2023-11-06','17:00:00','cslt'),('2023-11-07','17:00:00','cslt'),('2023-11-08','17:00:00','cslt'),('2023-11-09','17:00:00','cslt'),('2023-11-10','17:00:00','cslt'),('2023-11-11','17:00:00','cslt'),('2023-11-12','17:00:00','cslt'),('2023-11-13','17:00:00','cslt'),('2023-11-14','17:00:00','cslt'),('2023-11-15','17:00:00','cslt'),('2023-11-16','17:00:00','cslt'),('2023-11-17','17:00:00','cslt'),('2023-11-18','17:00:00','cslt'),('2023-11-19','17:00:00','cslt'),('2023-11-20','17:00:00','cslt'),('2023-11-21','17:00:00','cslt'),('2023-11-22','17:00:00','cslt'),('2023-11-23','17:00:00','cslt'),('2023-11-24','17:00:00','cslt'),('2023-11-25','17:00:00','cslt'),('2023-11-26','17:00:00','cslt'),('2023-11-27','17:00:00','cslt'),('2023-11-28','17:00:00','cslt'),('2023-11-29','17:00:00','cslt'),('2023-11-30','17:00:00','cslt'),('2023-12-01','17:00:00','cslt'),('2023-12-02','17:00:00','cslt'),('2023-12-03','17:00:00','cslt'),('2023-12-04','17:00:00','cslt'),('2023-12-05','17:00:00','cslt'),('2023-12-06','17:00:00','cslt'),('2023-12-07','17:00:00','cslt'),('2023-12-08','17:00:00','cslt'),('2023-12-09','17:00:00','cslt'),('2023-12-10','17:00:00','cslt'),('2023-12-11','17:00:00','cslt'),('2023-12-12','17:00:00','cslt'),('2023-12-13','17:00:00','cslt'),('2023-12-14','17:00:00','cslt'),('2023-12-15','17:00:00','cslt'),('2023-12-16','17:00:00','cslt'),('2023-12-17','17:00:00','cslt'),('2023-12-18','17:00:00','cslt'),('2023-12-19','17:00:00','cslt'),('2023-12-20','17:00:00','cslt'),('2023-12-21','17:00:00','cslt'),('2023-12-22','17:00:00','cslt'),('2023-12-23','17:00:00','cslt'),('2023-12-24','17:00:00','cslt'),('2023-12-25','17:00:00','cslt'),('2023-12-26','17:00:00','cslt'),('2023-12-27','17:00:00','cslt'),('2023-12-28','17:00:00','cslt'),('2023-12-29','17:00:00','cslt'),('2023-08-16','09:00:00','cslt01'),('2023-08-17','09:00:00','cslt01'),('2023-08-19','09:00:00','cslt01'),('2023-08-20','09:00:00','cslt01'),('2023-08-21','09:00:00','cslt01'),('2023-08-22','09:00:00','cslt01'),('2023-08-23','09:00:00','cslt01'),('2023-08-24','09:00:00','cslt01'),('2023-08-16','10:00:00','cslt01'),('2023-08-17','10:00:00','cslt01'),('2023-08-19','10:00:00','cslt01'),('2023-08-20','10:00:00','cslt01'),('2023-08-21','10:00:00','cslt01'),('2023-08-22','10:00:00','cslt01'),('2023-08-23','10:00:00','cslt01'),('2023-08-24','10:00:00','cslt01'),('2023-08-16','11:00:00','cslt01'),('2023-08-17','11:00:00','cslt01'),('2023-08-19','11:00:00','cslt01'),('2023-08-20','11:00:00','cslt01'),('2023-08-21','11:00:00','cslt01'),('2023-08-22','11:00:00','cslt01'),('2023-08-23','11:00:00','cslt01'),('2023-08-24','11:00:00','cslt01'),('2023-08-16','13:00:00','cslt01'),('2023-08-17','13:00:00','cslt01'),('2023-08-18','13:00:00','cslt01'),('2023-08-19','13:00:00','cslt01'),('2023-08-20','13:00:00','cslt01'),('2023-08-21','13:00:00','cslt01'),('2023-08-22','13:00:00','cslt01'),('2023-08-24','13:00:00','cslt01'),('2023-08-16','14:00:00','cslt01'),('2023-08-17','14:00:00','cslt01'),('2023-08-18','14:00:00','cslt01'),('2023-08-19','14:00:00','cslt01'),('2023-08-20','14:00:00','cslt01'),('2023-08-21','14:00:00','cslt01'),('2023-08-22','14:00:00','cslt01'),('2023-08-23','14:00:00','cslt01'),('2023-08-24','14:00:00','cslt01'),('2023-08-25','14:00:00','cslt01'),('2023-08-26','14:00:00','cslt01'),('2023-08-27','14:00:00','cslt01'),('2023-08-28','14:00:00','cslt01'),('2023-08-29','14:00:00','cslt01'),('2023-08-30','14:00:00','cslt01'),('2023-08-31','14:00:00','cslt01'),('2023-08-16','15:00:00','cslt01'),('2023-08-17','15:00:00','cslt01'),('2023-08-18','15:00:00','cslt01'),('2023-08-19','15:00:00','cslt01'),('2023-08-20','15:00:00','cslt01'),('2023-08-21','15:00:00','cslt01'),('2023-08-22','15:00:00','cslt01'),('2023-08-23','15:00:00','cslt01'),('2023-08-24','15:00:00','cslt01'),('2023-08-25','15:00:00','cslt01'),('2023-08-26','15:00:00','cslt01'),('2023-08-27','15:00:00','cslt01'),('2023-08-28','15:00:00','cslt01'),('2023-08-29','15:00:00','cslt01'),('2023-08-30','15:00:00','cslt01'),('2023-08-31','15:00:00','cslt01'),('2023-08-17','16:00:00','cslt01'),('2023-08-18','16:00:00','cslt01'),('2023-08-19','16:00:00','cslt01'),('2023-08-20','16:00:00','cslt01'),('2023-08-21','16:00:00','cslt01'),('2023-08-22','16:00:00','cslt01'),('2023-08-23','16:00:00','cslt01'),('2023-08-24','16:00:00','cslt01'),('2023-08-25','16:00:00','cslt01'),('2023-08-26','16:00:00','cslt01'),('2023-08-27','16:00:00','cslt01'),('2023-08-28','16:00:00','cslt01'),('2023-08-29','16:00:00','cslt01'),('2023-08-30','16:00:00','cslt01'),('2023-08-31','16:00:00','cslt01'),('2023-08-16','09:00:00','cslt02'),('2023-08-17','09:00:00','cslt02'),('2023-08-18','09:00:00','cslt02'),('2023-08-19','09:00:00','cslt02'),('2023-08-20','09:00:00','cslt02'),('2023-08-21','09:00:00','cslt02'),('2023-08-22','09:00:00','cslt02'),('2023-08-23','09:00:00','cslt02'),('2023-08-24','09:00:00','cslt02'),('2023-08-25','09:00:00','cslt02'),('2023-08-16','10:00:00','cslt02'),('2023-08-17','10:00:00','cslt02'),('2023-08-18','10:00:00','cslt02'),('2023-08-19','10:00:00','cslt02'),('2023-08-20','10:00:00','cslt02'),('2023-08-21','10:00:00','cslt02'),('2023-08-22','10:00:00','cslt02'),('2023-08-23','10:00:00','cslt02'),('2023-08-24','10:00:00','cslt02'),('2023-08-25','10:00:00','cslt02'),('2023-08-17','11:00:00','cslt02'),('2023-08-18','11:00:00','cslt02'),('2023-08-19','11:00:00','cslt02'),('2023-08-20','11:00:00','cslt02'),('2023-08-21','11:00:00','cslt02'),('2023-08-22','11:00:00','cslt02'),('2023-08-23','11:00:00','cslt02'),('2023-08-17','13:00:00','cslt02'),('2023-08-18','13:00:00','cslt02'),('2023-08-19','13:00:00','cslt02'),('2023-08-20','13:00:00','cslt02'),('2023-08-21','13:00:00','cslt02'),('2023-08-22','13:00:00','cslt02'),('2023-08-23','13:00:00','cslt02'),('2023-08-16','15:00:00','cslt02'),('2023-08-17','15:00:00','cslt02'),('2023-08-18','15:00:00','cslt02'),('2023-08-19','15:00:00','cslt02'),('2023-08-20','15:00:00','cslt02'),('2023-08-21','15:00:00','cslt02'),('2023-08-22','15:00:00','cslt02'),('2023-08-23','15:00:00','cslt02'),('2023-08-24','15:00:00','cslt02'),('2023-08-25','15:00:00','cslt02'),('2023-08-16','16:00:00','cslt02'),('2023-08-17','16:00:00','cslt02'),('2023-08-19','16:00:00','cslt02'),('2023-08-20','16:00:00','cslt02'),('2023-08-21','16:00:00','cslt02'),('2023-08-22','16:00:00','cslt02'),('2023-08-23','16:00:00','cslt02'),('2023-08-24','16:00:00','cslt02'),('2023-08-25','16:00:00','cslt02'),('2023-08-16','17:00:00','cslt02'),('2023-08-17','17:00:00','cslt02'),('2023-08-18','17:00:00','cslt02'),('2023-08-19','17:00:00','cslt02'),('2023-08-20','17:00:00','cslt02'),('2023-08-21','17:00:00','cslt02'),('2023-08-22','17:00:00','cslt02'),('2023-08-23','17:00:00','cslt02'),('2023-08-24','17:00:00','cslt02'),('2023-08-25','17:00:00','cslt02'),('2023-08-17','09:00:00','cslt03'),('2023-08-18','09:00:00','cslt03'),('2023-08-19','09:00:00','cslt03'),('2023-08-20','09:00:00','cslt03'),('2023-08-21','09:00:00','cslt03'),('2023-08-22','09:00:00','cslt03'),('2023-08-23','09:00:00','cslt03'),('2023-08-24','09:00:00','cslt03'),('2023-08-25','09:00:00','cslt03'),('2023-08-17','10:00:00','cslt03'),('2023-08-19','10:00:00','cslt03'),('2023-08-20','10:00:00','cslt03'),('2023-08-21','10:00:00','cslt03'),('2023-08-22','10:00:00','cslt03'),('2023-08-23','10:00:00','cslt03'),('2023-08-24','10:00:00','cslt03'),('2023-08-25','10:00:00','cslt03'),('2023-08-17','11:00:00','cslt03'),('2023-08-18','11:00:00','cslt03'),('2023-08-19','11:00:00','cslt03'),('2023-08-20','11:00:00','cslt03'),('2023-08-21','11:00:00','cslt03'),('2023-08-22','11:00:00','cslt03'),('2023-08-23','11:00:00','cslt03'),('2023-08-24','11:00:00','cslt03'),('2023-08-25','11:00:00','cslt03'),('2023-08-17','13:00:00','cslt03'),('2023-08-18','13:00:00','cslt03'),('2023-08-19','13:00:00','cslt03'),('2023-08-20','13:00:00','cslt03'),('2023-08-21','13:00:00','cslt03'),('2023-08-22','13:00:00','cslt03'),('2023-08-23','13:00:00','cslt03'),('2023-08-24','13:00:00','cslt03'),('2023-08-29','15:00:00','cslt03'),('2023-08-30','15:00:00','cslt03'),('2023-08-31','15:00:00','cslt03'),('2023-08-29','16:00:00','cslt03'),('2023-08-30','16:00:00','cslt03'),('2023-08-31','16:00:00','cslt03'),('2023-08-29','17:00:00','cslt03'),('2023-08-30','17:00:00','cslt03'),('2023-08-31','17:00:00','cslt03'),('2023-08-19','13:00:00','cslt04'),('2023-08-20','13:00:00','cslt04'),('2023-08-26','13:00:00','cslt04'),('2023-08-27','13:00:00','cslt04'),('2023-08-19','14:00:00','cslt04'),('2023-08-20','14:00:00','cslt04'),('2023-08-26','14:00:00','cslt04'),('2023-08-27','14:00:00','cslt04'),('2023-08-19','15:00:00','cslt04'),('2023-08-20','15:00:00','cslt04'),('2023-08-26','15:00:00','cslt04'),('2023-08-27','15:00:00','cslt04'),('2023-08-19','16:00:00','cslt04'),('2023-08-20','16:00:00','cslt04'),('2023-08-26','16:00:00','cslt04'),('2023-08-27','16:00:00','cslt04'),('2023-08-19','17:00:00','cslt04'),('2023-08-20','17:00:00','cslt04'),('2023-08-26','17:00:00','cslt04'),('2023-08-27','17:00:00','cslt04'),('2023-08-21','13:00:00','cslt05'),('2023-08-22','13:00:00','cslt05'),('2023-08-23','13:00:00','cslt05'),('2023-08-24','13:00:00','cslt05'),('2023-08-25','13:00:00','cslt05'),('2023-08-21','14:00:00','cslt05'),('2023-08-22','14:00:00','cslt05'),('2023-08-23','14:00:00','cslt05'),('2023-08-24','14:00:00','cslt05'),('2023-08-25','14:00:00','cslt05'),('2023-08-21','15:00:00','cslt05'),('2023-08-22','15:00:00','cslt05'),('2023-08-23','15:00:00','cslt05'),('2023-08-24','15:00:00','cslt05'),('2023-08-25','15:00:00','cslt05'),('2023-08-28','16:00:00','cslt05'),('2023-08-29','16:00:00','cslt05'),('2023-08-30','16:00:00','cslt05'),('2023-08-31','16:00:00','cslt05'),('2023-09-01','16:00:00','cslt05'),('2023-09-02','16:00:00','cslt05'),('2023-09-03','16:00:00','cslt05'),('2023-09-04','16:00:00','cslt05'),('2023-09-05','16:00:00','cslt05'),('2023-09-06','16:00:00','cslt05'),('2023-09-07','16:00:00','cslt05'),('2023-09-08','16:00:00','cslt05'),('2023-08-28','17:00:00','cslt05'),('2023-08-29','17:00:00','cslt05'),('2023-08-30','17:00:00','cslt05'),('2023-08-31','17:00:00','cslt05'),('2023-09-01','17:00:00','cslt05'),('2023-09-02','17:00:00','cslt05'),('2023-09-03','17:00:00','cslt05'),('2023-09-04','17:00:00','cslt05'),('2023-09-05','17:00:00','cslt05'),('2023-09-06','17:00:00','cslt05'),('2023-09-07','17:00:00','cslt05'),('2023-09-08','17:00:00','cslt05'),('0001-01-21','09:00:00','cslt06'),('0001-01-23','09:00:00','cslt06'),('0001-01-25','09:00:00','cslt06'),('0001-01-28','09:00:00','cslt06'),('0001-01-30','09:00:00','cslt06'),('0001-01-21','10:00:00','cslt06'),('0001-01-23','10:00:00','cslt06'),('0001-01-25','10:00:00','cslt06'),('0001-01-28','10:00:00','cslt06'),('0001-01-30','10:00:00','cslt06'),('0001-01-21','11:00:00','cslt06'),('0001-01-23','11:00:00','cslt06'),('0001-01-25','11:00:00','cslt06'),('0001-01-28','11:00:00','cslt06'),('0001-01-30','11:00:00','cslt06'),('2023-08-14','09:00:00','test1234'),('2023-08-15','09:00:00','test1234'),('2023-08-16','09:00:00','test1234'),('2023-08-17','09:00:00','test1234'),('2023-08-18','09:00:00','test1234'),('2023-08-14','10:00:00','test1234'),('2023-08-15','10:00:00','test1234'),('2023-08-16','10:00:00','test1234'),('2023-08-17','10:00:00','test1234'),('2023-08-18','10:00:00','test1234'),('2023-08-14','11:00:00','test1234'),('2023-08-15','11:00:00','test1234'),('2023-08-16','11:00:00','test1234'),('2023-08-17','11:00:00','test1234'),('2023-08-18','11:00:00','test1234'),('2023-08-14','13:00:00','test1234'),('2023-08-16','13:00:00','test1234'),('2023-08-17','13:00:00','test1234'),('2023-08-18','13:00:00','test1234'),('2023-08-14','14:00:00','test1234'),('2023-08-15','14:00:00','test1234'),('2023-08-16','14:00:00','test1234'),('2023-08-17','14:00:00','test1234'),('2023-08-18','14:00:00','test1234'),('2023-08-14','15:00:00','test1234'),('2023-08-15','15:00:00','test1234'),('2023-08-16','15:00:00','test1234'),('2023-08-17','15:00:00','test1234'),('2023-08-18','15:00:00','test1234'),('2023-08-14','16:00:00','test1234'),('2023-08-15','16:00:00','test1234'),('2023-08-16','16:00:00','test1234'),('2023-08-17','16:00:00','test1234'),('2023-08-18','16:00:00','test1234'),('2023-08-14','17:00:00','test1234'),('2023-08-15','17:00:00','test1234'),('2023-08-16','17:00:00','test1234'),('2023-08-17','17:00:00','test1234'),('2023-08-18','17:00:00','test1234');
/*!40000 ALTER TABLE `consultant_available_info` ENABLE KEYS */;
UNLOCK TABLES;

--
-- Table structure for table `consultant_boundary_tb`
--

DROP TABLE IF EXISTS `consultant_boundary_tb`;
/*!40101 SET @saved_cs_client     = @@character_set_client */;
/*!40101 SET character_set_client = utf8 */;
CREATE TABLE `consultant_boundary_tb` (
  `id` int(11) NOT NULL AUTO_INCREMENT,
  `boundary_id` int(11) NOT NULL,
  `user_id` char(100) NOT NULL,
  PRIMARY KEY (`id`),
  KEY `FK_boundary_tb_TO_consultant_boundary_tb_1` (`boundary_id`),
  KEY `FK_consultant_info_tb_TO_consultant_boundary_tb_1` (`user_id`),
  CONSTRAINT `FK_boundary_tb_TO_consultant_boundary_tb_1` FOREIGN KEY (`boundary_id`) REFERENCES `boundary_tb` (`boundary_id`),
  CONSTRAINT `FK_consultant_info_tb_TO_consultant_boundary_tb_1` FOREIGN KEY (`user_id`) REFERENCES `consultant_info_tb` (`user_id`)
) ENGINE=InnoDB AUTO_INCREMENT=30 DEFAULT CHARSET=utf8mb4 COLLATE=utf8mb4_general_ci;
/*!40101 SET character_set_client = @saved_cs_client */;

--
-- Dumping data for table `consultant_boundary_tb`
--

LOCK TABLES `consultant_boundary_tb` WRITE;
/*!40000 ALTER TABLE `consultant_boundary_tb` DISABLE KEYS */;
INSERT INTO `consultant_boundary_tb` VALUES (1,2,'cslt'),(2,5,'cslt'),(3,4,'cslt'),(4,1,'cslt'),(5,3,'cslt'),(6,1,'test1234'),(7,5,'cslt01'),(8,2,'cslt01'),(9,2,'cslt02'),(10,5,'cslt02'),(11,3,'cslt03'),(12,2,'cslt03'),(13,1,'cslt03'),(14,1,'cslt04'),(15,2,'cslt04'),(16,4,'cslt04'),(17,3,'cslt04'),(18,3,'cslt05'),(19,1,'cslt05'),(20,5,'cslt05'),(21,3,'cslt06'),(22,2,'cslt06'),(23,4,'cslt06'),(24,1,'cslt06'),(25,1,'cslt07'),(26,5,'cslt07'),(27,2,'cslt07'),(28,3,'cslt07'),(29,4,'cslt07');
/*!40000 ALTER TABLE `consultant_boundary_tb` ENABLE KEYS */;
UNLOCK TABLES;

--
-- Table structure for table `consultant_info_tb`
--

DROP TABLE IF EXISTS `consultant_info_tb`;
/*!40101 SET @saved_cs_client     = @@character_set_client */;
/*!40101 SET character_set_client = utf8 */;
CREATE TABLE `consultant_info_tb` (
  `user_id` char(100) NOT NULL,
  `cslt_team` varchar(50) NOT NULL,
  `cslt_exp` int(11) NOT NULL,
  PRIMARY KEY (`user_id`),
  CONSTRAINT `FK_user_tb_TO_consultant_info_tb_1` FOREIGN KEY (`user_id`) REFERENCES `user_tb` (`user_id`)
) ENGINE=InnoDB DEFAULT CHARSET=utf8mb4 COLLATE=utf8mb4_general_ci;
/*!40101 SET character_set_client = @saved_cs_client */;

--
-- Dumping data for table `consultant_info_tb`
--

LOCK TABLES `consultant_info_tb` WRITE;
/*!40000 ALTER TABLE `consultant_info_tb` DISABLE KEYS */;
INSERT INTO `consultant_info_tb` VALUES ('cslt','삼성전자광주2캠퍼스',1),('cslt01','SSAFY 광주캠퍼스',12),('cslt02','SSAFY 부울경캠퍼스',28),('cslt03','SSAFY 대전캠퍼스',5),('cslt04','SSAFY 구미캠퍼스',2),('cslt05','나무액터스',1),('cslt06','칸',5),('cslt07','삼성전자',9),('test1234','apple',2);
/*!40000 ALTER TABLE `consultant_info_tb` ENABLE KEYS */;
UNLOCK TABLES;

--
-- Table structure for table `consultant_tag_tb`
--

DROP TABLE IF EXISTS `consultant_tag_tb`;
/*!40101 SET @saved_cs_client     = @@character_set_client */;
/*!40101 SET character_set_client = utf8 */;
CREATE TABLE `consultant_tag_tb` (
  `id` int(11) NOT NULL AUTO_INCREMENT,
  `tag_id` int(11) NOT NULL,
  `user_id` char(100) NOT NULL,
  PRIMARY KEY (`id`),
  KEY `FK_tag_tb_TO_consultant_tag_tb_1` (`tag_id`),
  KEY `FK_consultant_info_tb_TO_consultant_tag_tb_1` (`user_id`),
  CONSTRAINT `FK_consultant_info_tb_TO_consultant_tag_tb_1` FOREIGN KEY (`user_id`) REFERENCES `consultant_info_tb` (`user_id`),
  CONSTRAINT `FK_tag_tb_TO_consultant_tag_tb_1` FOREIGN KEY (`tag_id`) REFERENCES `tag_tb` (`tag_id`)
) ENGINE=InnoDB AUTO_INCREMENT=24 DEFAULT CHARSET=utf8mb4 COLLATE=utf8mb4_general_ci;
/*!40101 SET character_set_client = @saved_cs_client */;

--
-- Dumping data for table `consultant_tag_tb`
--

LOCK TABLES `consultant_tag_tb` WRITE;
/*!40000 ALTER TABLE `consultant_tag_tb` DISABLE KEYS */;
INSERT INTO `consultant_tag_tb` VALUES (1,1,'cslt'),(2,4,'cslt'),(3,1,'test1234'),(4,1,'cslt01'),(5,4,'cslt01'),(6,2,'cslt02'),(7,3,'cslt02'),(8,5,'cslt02'),(9,6,'cslt02'),(10,3,'cslt03'),(11,2,'cslt03'),(12,5,'cslt03'),(13,6,'cslt03'),(14,2,'cslt04'),(15,3,'cslt04'),(16,5,'cslt04'),(17,2,'cslt05'),(18,4,'cslt05'),(19,5,'cslt05'),(20,3,'cslt06'),(21,2,'cslt06'),(22,4,'cslt06'),(23,1,'cslt07');
/*!40000 ALTER TABLE `consultant_tag_tb` ENABLE KEYS */;
UNLOCK TABLES;

--
-- Table structure for table `object_tb`
--

DROP TABLE IF EXISTS `object_tb`;
/*!40101 SET @saved_cs_client     = @@character_set_client */;
/*!40101 SET character_set_client = utf8 */;
CREATE TABLE `object_tb` (
  `obj_id` int(11) NOT NULL AUTO_INCREMENT,
  `obj_name` char(10) NOT NULL,
  `obj_pic` varchar(100) DEFAULT NULL,
  PRIMARY KEY (`obj_id`)
) ENGINE=InnoDB AUTO_INCREMENT=21 DEFAULT CHARSET=utf8mb4 COLLATE=utf8mb4_general_ci;
/*!40101 SET character_set_client = @saved_cs_client */;

--
-- Dumping data for table `object_tb`
--

LOCK TABLES `object_tb` WRITE;
/*!40000 ALTER TABLE `object_tb` DISABLE KEYS */;
INSERT INTO `object_tb` VALUES (1,'가방',NULL),(2,'강아지',NULL),(3,'고양이',NULL),(4,'마이크',NULL),(5,'고드름',NULL),(6,'단추',NULL),(7,'동전',NULL),(8,'바나나',NULL),(9,'바지',NULL),(10,'버스',NULL),(11,'사과',NULL),(12,'지도',NULL),(13,'선풍기',NULL),(14,'고추장',NULL),(15,'신발',NULL),(16,'안경',NULL),(17,'옷걸이',NULL),(18,'자전거',NULL),(19,'가위',NULL),(20,'냉장고',NULL);
/*!40000 ALTER TABLE `object_tb` ENABLE KEYS */;
UNLOCK TABLES;

--
-- Table structure for table `one_a_tb`
--

DROP TABLE IF EXISTS `one_a_tb`;
/*!40101 SET @saved_cs_client     = @@character_set_client */;
/*!40101 SET character_set_client = utf8 */;
CREATE TABLE `one_a_tb` (
  `answer_id` int(11) NOT NULL,
  `one_id` int(11) NOT NULL,
  `one_answer` varchar(200) NOT NULL,
  `one_created` timestamp NULL DEFAULT current_timestamp(),
  PRIMARY KEY (`answer_id`,`one_id`),
  KEY `FK_one_q_tb_TO_one_a_tb_1` (`one_id`),
  CONSTRAINT `FK_one_q_tb_TO_one_a_tb_1` FOREIGN KEY (`one_id`) REFERENCES `one_q_tb` (`one_id`)
) ENGINE=InnoDB DEFAULT CHARSET=utf8mb4 COLLATE=utf8mb4_general_ci;
/*!40101 SET character_set_client = @saved_cs_client */;

--
-- Dumping data for table `one_a_tb`
--

LOCK TABLES `one_a_tb` WRITE;
/*!40000 ALTER TABLE `one_a_tb` DISABLE KEYS */;
/*!40000 ALTER TABLE `one_a_tb` ENABLE KEYS */;
UNLOCK TABLES;

--
-- Table structure for table `one_q_tb`
--

DROP TABLE IF EXISTS `one_q_tb`;
/*!40101 SET @saved_cs_client     = @@character_set_client */;
/*!40101 SET character_set_client = utf8 */;
CREATE TABLE `one_q_tb` (
  `one_id` int(11) NOT NULL,
  `user_id` char(100) NOT NULL,
  `one_title` varchar(100) NOT NULL,
  `one_content` varchar(200) NOT NULL,
  `one_created` timestamp NULL DEFAULT current_timestamp(),
  PRIMARY KEY (`one_id`)
) ENGINE=InnoDB DEFAULT CHARSET=utf8mb4 COLLATE=utf8mb4_general_ci;
/*!40101 SET character_set_client = @saved_cs_client */;

--
-- Dumping data for table `one_q_tb`
--

LOCK TABLES `one_q_tb` WRITE;
/*!40000 ALTER TABLE `one_q_tb` DISABLE KEYS */;
/*!40000 ALTER TABLE `one_q_tb` ENABLE KEYS */;
UNLOCK TABLES;

--
-- Table structure for table `reservation_item_tb`
--

DROP TABLE IF EXISTS `reservation_item_tb`;
/*!40101 SET @saved_cs_client     = @@character_set_client */;
/*!40101 SET character_set_client = utf8 */;
CREATE TABLE `reservation_item_tb` (
  `rsv_item_id` int(11) NOT NULL AUTO_INCREMENT,
  `user_id` char(100) NOT NULL,
  `cslt_id` char(20) NOT NULL,
  `rsv_date` date NOT NULL,
  `rsv_time` time NOT NULL,
  `rsv_status` varchar(10) NOT NULL,
  `rsv_info` varchar(80) DEFAULT NULL,
  `rsv_code` char(20) NOT NULL,
  PRIMARY KEY (`rsv_item_id`)
) ENGINE=InnoDB AUTO_INCREMENT=16 DEFAULT CHARSET=utf8mb4 COLLATE=utf8mb4_general_ci;
/*!40101 SET character_set_client = @saved_cs_client */;

--
-- Dumping data for table `reservation_item_tb`
--

LOCK TABLES `reservation_item_tb` WRITE;
/*!40000 ALTER TABLE `reservation_item_tb` DISABLE KEYS */;
INSERT INTO `reservation_item_tb` VALUES (1,'ssafy','cslt','2023-08-24','11:00:00','예약취소','구음장애 상담하고싶어요','BLDpdpF2FVHnGn6n1A4n'),(2,'ssafy','cslt','2023-08-16','14:00:00','예약취소','상담 해줘잉','TyTGTyAMrigP5By7KWuY'),(3,'9dQHp0G5yFaRPeRm4icVRA1c6pW9M7daQmWSyNZuspg','cslt','2023-08-14','17:00:00','예약확정','말소리 상담','nb8FcpUfPiPGOPxY7ILL'),(4,'ssafy','cslt','2023-08-16','13:00:00','예약취소','','1cpuI6UEvl6gORpeXX4B'),(5,'ssafy','test1234','2023-08-15','13:00:00','예약확정','','rDLDVwqObAY6Vxws5Xdt'),(6,'ssafy','cslt','2023-08-18','10:00:00','예약확정','말소리 장애 상담','ZXPgNbu7JaDwNCZvfWw1'),(7,'ssafy','cslt01','2023-08-18','11:00:00','예약확정','구음장애 관련 상담신청','VGsxXo9xY3otMqMxHLz2'),(8,'admin','cslt','2023-08-17','14:00:00','예약확정','화이팅!!','EOx8giFdLmuNsKmIjfny'),(9,'ssafy','cslt','2023-08-17','15:00:00','예약확정','뇌졸중 후유증','FVTjDYN4DrqaBUjkKNOC'),(10,'ssafy','cslt02','2023-08-18','16:00:00','예약확정','언어 장애 관련 상담','EUe3TdKwBEMp8XCd7Zqf'),(11,'ssafy','cslt01','2023-08-18','09:00:00','예약확정','팬이에요','PVLbl6mP8NWAztcpGzKp'),(12,'ssafy','cslt03','2023-08-18','09:00:00','예약확정','뇌졸중 후유증','BecsoKF3OYYIvxkcVHbG'),(13,'ssafy','cslt01','2023-08-23','13:00:00','예약대기','','vG9qCc9GbYrxUfKEzsSs'),(14,'ssafy','cslt03','2023-08-18','10:00:00','예약확정','뇌졸중','zHOHmNumip9b0ozLYuKR'),(15,'ssafy','cslt01','2023-08-18','10:00:00','예약확정','뇌졸중 후유증','rYLBiUFyECGF29rZ4x3f');
/*!40000 ALTER TABLE `reservation_item_tb` ENABLE KEYS */;
UNLOCK TABLES;

--
-- Table structure for table `sentence_tb`
--

DROP TABLE IF EXISTS `sentence_tb`;
/*!40101 SET @saved_cs_client     = @@character_set_client */;
/*!40101 SET character_set_client = utf8 */;
CREATE TABLE `sentence_tb` (
  `stc_id` int(11) NOT NULL AUTO_INCREMENT,
  `stc_content` varchar(100) NOT NULL,
  PRIMARY KEY (`stc_id`)
) ENGINE=InnoDB AUTO_INCREMENT=6 DEFAULT CHARSET=utf8mb4 COLLATE=utf8mb4_general_ci;
/*!40101 SET character_set_client = @saved_cs_client */;

--
-- Dumping data for table `sentence_tb`
--

LOCK TABLES `sentence_tb` WRITE;
/*!40000 ALTER TABLE `sentence_tb` DISABLE KEYS */;
INSERT INTO `sentence_tb` VALUES (1,'안녕하세요. 반갑습니다.'),(2,'열쇠가 어디에 있어요?'),(3,'이 근처에 은행이 있어요?'),(4,'책상이 있습니까?'),(5,'책상이 큽니까, 작습니까?');
/*!40000 ALTER TABLE `sentence_tb` ENABLE KEYS */;
UNLOCK TABLES;

--
-- Table structure for table `study_object_tb`
--

DROP TABLE IF EXISTS `study_object_tb`;
/*!40101 SET @saved_cs_client     = @@character_set_client */;
/*!40101 SET character_set_client = utf8 */;
CREATE TABLE `study_object_tb` (
  `obj_id` int(11) NOT NULL,
  `user_id` char(100) NOT NULL,
  PRIMARY KEY (`obj_id`,`user_id`),
  KEY `FK_user_tb_TO_study_object_tb_1` (`user_id`),
  CONSTRAINT `FK_object_tb_TO_study_object_tb_1` FOREIGN KEY (`obj_id`) REFERENCES `object_tb` (`obj_id`),
  CONSTRAINT `FK_user_tb_TO_study_object_tb_1` FOREIGN KEY (`user_id`) REFERENCES `user_tb` (`user_id`)
) ENGINE=InnoDB DEFAULT CHARSET=utf8mb4 COLLATE=utf8mb4_general_ci;
/*!40101 SET character_set_client = @saved_cs_client */;

--
-- Dumping data for table `study_object_tb`
--

LOCK TABLES `study_object_tb` WRITE;
/*!40000 ALTER TABLE `study_object_tb` DISABLE KEYS */;
INSERT INTO `study_object_tb` VALUES (2,'ssafy'),(9,'admin'),(10,'9dQHp0G5yFaRPeRm4icVRA1c6pW9M7daQmWSyNZuspg'),(13,'ssafy'),(14,'admin'),(15,'ssafy'),(16,'ssafy'),(17,'ssafy'),(19,'ssafy');
/*!40000 ALTER TABLE `study_object_tb` ENABLE KEYS */;
UNLOCK TABLES;

--
-- Table structure for table `study_sentence_tb`
--

DROP TABLE IF EXISTS `study_sentence_tb`;
/*!40101 SET @saved_cs_client     = @@character_set_client */;
/*!40101 SET character_set_client = utf8 */;
CREATE TABLE `study_sentence_tb` (
  `stc_id` int(11) NOT NULL,
  `user_id` char(100) NOT NULL,
  PRIMARY KEY (`stc_id`,`user_id`),
  KEY `FK_user_tb_TO_study_sentence_tb_1` (`user_id`),
  CONSTRAINT `FK_sentence_tb_TO_study_sentence_tb_1` FOREIGN KEY (`stc_id`) REFERENCES `sentence_tb` (`stc_id`),
  CONSTRAINT `FK_user_tb_TO_study_sentence_tb_1` FOREIGN KEY (`user_id`) REFERENCES `user_tb` (`user_id`)
) ENGINE=InnoDB DEFAULT CHARSET=utf8mb4 COLLATE=utf8mb4_general_ci;
/*!40101 SET character_set_client = @saved_cs_client */;

--
-- Dumping data for table `study_sentence_tb`
--

LOCK TABLES `study_sentence_tb` WRITE;
/*!40000 ALTER TABLE `study_sentence_tb` DISABLE KEYS */;
INSERT INTO `study_sentence_tb` VALUES (2,'ssafy');
/*!40000 ALTER TABLE `study_sentence_tb` ENABLE KEYS */;
UNLOCK TABLES;

--
-- Table structure for table `study_syllable_tb`
--

DROP TABLE IF EXISTS `study_syllable_tb`;
/*!40101 SET @saved_cs_client     = @@character_set_client */;
/*!40101 SET character_set_client = utf8 */;
CREATE TABLE `study_syllable_tb` (
  `slb_id` int(11) NOT NULL,
  `user_id` char(100) NOT NULL,
  PRIMARY KEY (`slb_id`,`user_id`),
  KEY `FK_user_tb_TO_study_syllable_tb_1` (`user_id`),
  CONSTRAINT `FK_syllable_tb_TO_study_syllable_tb_1` FOREIGN KEY (`slb_id`) REFERENCES `syllable_tb` (`slb_id`),
  CONSTRAINT `FK_user_tb_TO_study_syllable_tb_1` FOREIGN KEY (`user_id`) REFERENCES `user_tb` (`user_id`)
) ENGINE=InnoDB DEFAULT CHARSET=utf8mb4 COLLATE=utf8mb4_general_ci;
/*!40101 SET character_set_client = @saved_cs_client */;

--
-- Dumping data for table `study_syllable_tb`
--

LOCK TABLES `study_syllable_tb` WRITE;
/*!40000 ALTER TABLE `study_syllable_tb` DISABLE KEYS */;
INSERT INTO `study_syllable_tb` VALUES (2,'ssafy'),(4,'ssafy'),(10,'ssafy');
/*!40000 ALTER TABLE `study_syllable_tb` ENABLE KEYS */;
UNLOCK TABLES;

--
-- Table structure for table `study_word_tb`
--

DROP TABLE IF EXISTS `study_word_tb`;
/*!40101 SET @saved_cs_client     = @@character_set_client */;
/*!40101 SET character_set_client = utf8 */;
CREATE TABLE `study_word_tb` (
  `word_id` int(11) NOT NULL,
  `user_id` char(100) NOT NULL,
  PRIMARY KEY (`word_id`,`user_id`),
  KEY `FK_user_tb_TO_study_word_tb_1` (`user_id`),
  CONSTRAINT `FK_user_tb_TO_study_word_tb_1` FOREIGN KEY (`user_id`) REFERENCES `user_tb` (`user_id`),
  CONSTRAINT `FK_word_tb_TO_study_word_tb_1` FOREIGN KEY (`word_id`) REFERENCES `word_tb` (`word_id`)
) ENGINE=InnoDB DEFAULT CHARSET=utf8mb4 COLLATE=utf8mb4_general_ci;
/*!40101 SET character_set_client = @saved_cs_client */;

--
-- Dumping data for table `study_word_tb`
--

LOCK TABLES `study_word_tb` WRITE;
/*!40000 ALTER TABLE `study_word_tb` DISABLE KEYS */;
INSERT INTO `study_word_tb` VALUES (3,'ssafy'),(8,'ssafy');
/*!40000 ALTER TABLE `study_word_tb` ENABLE KEYS */;
UNLOCK TABLES;

--
-- Table structure for table `syllable_tb`
--

DROP TABLE IF EXISTS `syllable_tb`;
/*!40101 SET @saved_cs_client     = @@character_set_client */;
/*!40101 SET character_set_client = utf8 */;
CREATE TABLE `syllable_tb` (
  `slb_id` int(11) NOT NULL AUTO_INCREMENT,
  `slb_content` char(4) NOT NULL,
  PRIMARY KEY (`slb_id`)
) ENGINE=InnoDB AUTO_INCREMENT=15 DEFAULT CHARSET=utf8mb4 COLLATE=utf8mb4_general_ci;
/*!40101 SET character_set_client = @saved_cs_client */;

--
-- Dumping data for table `syllable_tb`
--

LOCK TABLES `syllable_tb` WRITE;
/*!40000 ALTER TABLE `syllable_tb` DISABLE KEYS */;
INSERT INTO `syllable_tb` VALUES (1,'아'),(2,'애'),(3,'야'),(4,'어'),(5,'여'),(6,'오'),(7,'와'),(8,'왜'),(9,'요'),(10,'우'),(11,'워'),(12,'유'),(13,'으'),(14,'의');
/*!40000 ALTER TABLE `syllable_tb` ENABLE KEYS */;
UNLOCK TABLES;

--
-- Table structure for table `tag_tb`
--

DROP TABLE IF EXISTS `tag_tb`;
/*!40101 SET @saved_cs_client     = @@character_set_client */;
/*!40101 SET character_set_client = utf8 */;
CREATE TABLE `tag_tb` (
  `tag_id` int(11) NOT NULL,
  `tag_name` varchar(20) NOT NULL,
  PRIMARY KEY (`tag_id`)
) ENGINE=InnoDB DEFAULT CHARSET=utf8mb4 COLLATE=utf8mb4_general_ci;
/*!40101 SET character_set_client = @saved_cs_client */;

--
-- Dumping data for table `tag_tb`
--

LOCK TABLES `tag_tb` WRITE;
/*!40000 ALTER TABLE `tag_tb` DISABLE KEYS */;
INSERT INTO `tag_tb` VALUES (1,'엄격한'),(2,'친근한'),(3,'친절한'),(4,'정적인'),(5,'발랄한'),(6,'활동적인');
/*!40000 ALTER TABLE `tag_tb` ENABLE KEYS */;
UNLOCK TABLES;

--
-- Table structure for table `user_authority`
--

DROP TABLE IF EXISTS `user_authority`;
/*!40101 SET @saved_cs_client     = @@character_set_client */;
/*!40101 SET character_set_client = utf8 */;
CREATE TABLE `user_authority` (
  `authority_name` char(50) NOT NULL,
  `user_id` char(100) NOT NULL,
  PRIMARY KEY (`authority_name`,`user_id`),
  KEY `FK_user_tb_TO_user_authority_1` (`user_id`),
  CONSTRAINT `FK_authority_TO_user_authority_1` FOREIGN KEY (`authority_name`) REFERENCES `authority` (`authority_name`),
  CONSTRAINT `FK_user_tb_TO_user_authority_1` FOREIGN KEY (`user_id`) REFERENCES `user_tb` (`user_id`)
) ENGINE=InnoDB DEFAULT CHARSET=utf8mb4 COLLATE=utf8mb4_general_ci;
/*!40101 SET character_set_client = @saved_cs_client */;

--
-- Dumping data for table `user_authority`
--

LOCK TABLES `user_authority` WRITE;
/*!40000 ALTER TABLE `user_authority` DISABLE KEYS */;
INSERT INTO `user_authority` VALUES ('ROLE_ADMIN','admin'),('ROLE_USER','admin'),('ROLE_USER','coco1'),('ROLE_USER','icanspeak'),('ROLE_USER','johndoe123'),('ROLE_USER','parkeg1223'),('ROLE_USER','ssafy'),('ROLE_USER','user');
/*!40000 ALTER TABLE `user_authority` ENABLE KEYS */;
UNLOCK TABLES;

--
-- Table structure for table `user_tb`
--

DROP TABLE IF EXISTS `user_tb`;
/*!40101 SET @saved_cs_client     = @@character_set_client */;
/*!40101 SET character_set_client = utf8 */;
CREATE TABLE `user_tb` (
  `user_id` char(100) NOT NULL,
  `user_pwd` varchar(100) NOT NULL,
  `user_name` char(10) NOT NULL,
  `user_email` varchar(30) NOT NULL,
  `user_phone` varchar(20) NOT NULL,
  `user_info` varchar(50) DEFAULT NULL,
  `user_age` int(11) DEFAULT NULL,
  `user_sex` char(5) DEFAULT NULL,
  `user_pic` varchar(120) DEFAULT NULL,
  `user_grade` varchar(10) NOT NULL DEFAULT '일반회원',
  `user_reward` int(11) NOT NULL DEFAULT 0,
  `activated` tinyint(1) NOT NULL DEFAULT 1,
  PRIMARY KEY (`user_id`)
) ENGINE=InnoDB DEFAULT CHARSET=utf8mb4 COLLATE=utf8mb4_general_ci;
/*!40101 SET character_set_client = @saved_cs_client */;

--
-- Dumping data for table `user_tb`
--

LOCK TABLES `user_tb` WRITE;
/*!40000 ALTER TABLE `user_tb` DISABLE KEYS */;
INSERT INTO `user_tb` VALUES ('9dQHp0G5yFaRPeRm4icVRA1c6pW9M7daQmWSyNZuspg','{bcrypt}$2a$10$qtfJSob./xgfCnBB/sMoQePGZnPwJWbtmcaPbL6oHSO36fS2pJEES','박건후','gunhoo0216@naver.com','010-7925-2928',NULL,0,'M','9dQHp0G5yFaRPeRm4icVRA1c6pW9M7daQmWSyNZuspg59bba728-1fe9-47a5-a4f5-13602b84ae0c.jpeg','USER',102,0),('admin','{bcrypt}$2a$10$Z4dAYtM/ipXv6TApR8e5auzJ6I8zKwoQbp1p9KcKw5uzfsi2vo81O','김싸피','admin@ssafy.com','010-1111-1111','서울에서 왔다 갑니다.',0,NULL,NULL,'ADMIN',90,1),('coco1','{bcrypt}$2a$10$XXpsH7BIR.R1ll862OaTjOgr7mZdkW4LaVPja5Pm7GztzL.EcCOt.','이은경','j_j0818@naver.com','010-6515-4094',NULL,0,NULL,NULL,'USER',20,1),('consultant','{bcrypt}$2a$10$JNRjU/Y5NiJfPjlvmGQn6.KuVyQfSy.WBAU1GkB3541zvswHn7hdi','이싸피','consultant@ssafy.com','010-2222-2222',NULL,0,'F',NULL,'CONSULTANT',0,0),('cslt','{bcrypt}$2a$10$YkRA/4uuzovE/.x17d3VDO2Oi1V9ZUbwoh7AbxRk7UTp6aojEVhsy','김광식','gunhoo2016@gmail.com','010-6234-6124',NULL,0,'M','cslta653e4bc-3b5f-4bad-8b12-b224a5a07605.png','CONSULTANT',120,0),('cslt01','{bcrypt}$2a$10$ircZm5MeRYeiMeY5/jUzout1C//uZ6xxf.f5m8.cxOSsScx58ocvm','원빈','cslt01@ssafy.com','010-1111-0001',NULL,0,'M','cslt01e69e8b1d-9e47-4c59-aedb-86ffe3bf9e8c.jpg','CONSULTANT',0,0),('cslt02','{bcrypt}$2a$10$sltbAwXur4aT/aUvDOvb7eIM9NM2MzWJAvyxLwflgpYbQzQ1KpiUS','현빈','cslt02@ssafy.com','010-1111-0002',NULL,0,'M','cslt0225faa31a-3d71-4856-bf4c-46ff1f10d456.jpg','CONSULTANT',0,0),('cslt03','{bcrypt}$2a$10$DFXqBJ5Znfi7sWj8yCDG7ekKQvIEwc3CcXzwG06ATrs32Kzyp/tIG','최우식','cslt03@ssafy.com','010-1111-0003',NULL,0,'M','cslt03cbc211d7-f7e9-4de9-a80f-6f7f4092f673.png','CONSULTANT',0,0),('cslt04','{bcrypt}$2a$10$zoT.ekRyIWsQWYtvHKkCDeK9r6HPgyvQ84DGomkPYi562bcbsQEoC','전지현','cslt04@ssafy.com','010-1111-0004',NULL,0,'F','cslt04efa4b77b-76e8-4862-aaa6-355b598bdc92.png','CONSULTANT',0,0),('cslt05','{bcrypt}$2a$10$zzJh.K8CTYOjNKnMMcgAjuhhOiHwYcQKzzoq7L3z1LNIYmpKiJTFu','김태희','cslt05@ssafy.com','010-1111-0005',NULL,0,'F','cslt058dc0ab65-12a7-445c-8480-4f0de4105d9b.png','CONSULTANT',0,0),('cslt06','{bcrypt}$2a$10$FB4mRfHN62hnSbMQOoWMd.40ZrKZPsISkOcrGnLyQ8Osobz5IWc.C','봉준호','cslt06@ssafy.com','010-1111-0006',NULL,0,'M',NULL,'CONSULTANT',0,0),('cslt07','{bcrypt}$2a$10$AanT1J20jVYio/y2mAhuRenzGuY6Y2/UaEIEsThJ0lXXKJCmQ2T7.','이재용','cslt07@ssafy.com','010-1111-0007',NULL,0,'M','cslt072949ec08-cc3b-4c93-b783-8a7a7a94b0ca.jpg','CONSULTANT',0,0),('DlOUge8r6UrwuTRml7spr9iK1mR_jTKMsKfyG2BplGo','{bcrypt}$2a$10$CyGe5Xr/l1WYzPP6GWm52OVlogFdSKBSjhl7O8lX0ZATO7XwkgTSO','네아로','nv_tkwjsrjatn6@naver.com','01011111111',NULL,0,'M',NULL,'USER',0,0),('icanspeak','{bcrypt}$2a$10$zBMa5bj9dRuINazjSkx2ku7kNCioQXuiF9oiJHkvWxww6YGjfjtNW','말하길','icanspeakpjt@naver.com','010-2338-1188',NULL,0,NULL,NULL,'USER',0,1),('J01zxoLjVqV3zeq1Jjik3EqBQhayZYvphkiPfmaBxm8','{bcrypt}$2a$10$yuVOzGQDUrejf5BjJMxjN.p0ZmRJf0YKWUyTwp93u8etjvN73rOpy','박건후','gunhoo2016@naver.com','010-7925-2928',NULL,0,'M',NULL,'USER',0,0),('johndoe123','{bcrypt}$2a$10$.ggMgFaKap./T1EAlY1OFOUKVTrDKhqxvDSfIZaJ9hlP4To1r4QwW','최우진','woojin0321@naver.com','010-8664-2108',NULL,0,NULL,NULL,'USER',60,1),('NwqIBWXITf3go0z0HXDOlAVB2D2C8BbLPvbt6VLKls0','{bcrypt}$2a$10$ub0z6u0sVkDly.rovAWbDe22jN6.5Y22hqq5rAG2ft8.dPx6Psf.K','박은규','peg97@naver.com','010-2638-5572',NULL,0,'M',NULL,'USER',0,0),('parkeg1223','{bcrypt}$2a$10$28i/GMmotY8rbr61QYfDR.t2hB7X5LjzXnBfyaKQGMUt6snV2O.R6','박은규','parkeg1223@gmail.com','010-2638-5572',NULL,0,NULL,NULL,'USER',0,1),('ssafy','{bcrypt}$2a$10$c0fycJF.XwPaF2pToL5iW.I4UUMoSY7VpmgzS21ExZkBGQDm3tTkO','김싸피','ssafy@ssafy.com','010-1234-5678','수정된 소개말입니다!!',0,NULL,'ssafy74b8c5e0-ad02-47fe-8a95-93be6ea4db86.png','USER',3060,1),('test1234','{bcrypt}$2a$10$3p1pMeXHz.JFopWWvlymUOWnfzXYtiKZQ3JpvoO51ULl3xFCtd3Ni','체리','gyg03134@naver.com','010-1234-4321',NULL,0,'F',NULL,'CONSULTANT',0,0),('user','{bcrypt}$2a$10$tVzY1CQTwWfhuGeuMjKYOuShpEVkxGvb98q2e1J3QIZU7wb.xCRs6','박싸피','user@ssafy.com','010-0000-0000',NULL,0,NULL,NULL,'USER',50,1),('VsQQpR2HufUDDvUUw-FyzdmuEWMYBGmEKui2cbIZn18','{bcrypt}$2a$10$/KjcNI2VM2rpIOswB2/4JuxqL9qU9Ds.QP.5L7SbTfVPKx.73/FbK','오연주','1995duswn@naver.com','010-2055-3663',NULL,0,'F',NULL,'USER',0,0);
/*!40000 ALTER TABLE `user_tb` ENABLE KEYS */;
UNLOCK TABLES;

--
-- Table structure for table `word_tb`
--

DROP TABLE IF EXISTS `word_tb`;
/*!40101 SET @saved_cs_client     = @@character_set_client */;
/*!40101 SET character_set_client = utf8 */;
CREATE TABLE `word_tb` (
  `word_id` int(11) NOT NULL AUTO_INCREMENT,
  `word_content` varchar(30) NOT NULL,
  `word_pron` varchar(50) DEFAULT NULL,
  PRIMARY KEY (`word_id`)
) ENGINE=InnoDB AUTO_INCREMENT=11 DEFAULT CHARSET=utf8mb4 COLLATE=utf8mb4_general_ci;
/*!40101 SET character_set_client = @saved_cs_client */;

--
-- Dumping data for table `word_tb`
--

LOCK TABLES `word_tb` WRITE;
/*!40000 ALTER TABLE `word_tb` DISABLE KEYS */;
INSERT INTO `word_tb` VALUES (1,'국물','궁물'),(2,'쉬다','쉬:다'),(3,'씻다','씯따'),(4,'책상','책쌍'),(5,'상자','상자'),(6,'날씨','날씨'),(7,'위치','위치'),(8,'친절하다','친절하다'),(9,'코끼리','코끼리'),(10,'퇴근','퇴:근');
/*!40000 ALTER TABLE `word_tb` ENABLE KEYS */;
UNLOCK TABLES;
/*!40103 SET TIME_ZONE=@OLD_TIME_ZONE */;

/*!40101 SET SQL_MODE=@OLD_SQL_MODE */;
/*!40014 SET FOREIGN_KEY_CHECKS=@OLD_FOREIGN_KEY_CHECKS */;
/*!40014 SET UNIQUE_CHECKS=@OLD_UNIQUE_CHECKS */;
/*!40101 SET CHARACTER_SET_CLIENT=@OLD_CHARACTER_SET_CLIENT */;
/*!40101 SET CHARACTER_SET_RESULTS=@OLD_CHARACTER_SET_RESULTS */;
/*!40101 SET COLLATION_CONNECTION=@OLD_COLLATION_CONNECTION */;
/*!40111 SET SQL_NOTES=@OLD_SQL_NOTES */;

-- Dump completed on 2023-08-17 23:07:45
